-- GERADO por scripts/generate-seed.mjs — não edite à mão.
-- Shopping Popular Estrela do Vale: 541 boxes em 3 andares.

insert into public.floors (id, name, level, outline, decor) values
  ('terreo', 'Térreo', 0, 'M 120 100 L 880 100 L 950 330 L 780 600 L 200 600 L 120 480 Z', '{"streets":[{"path":"M 600 20 L 1010 170","width":34,"label":"Rua da Juta","labelPos":{"x":840,"y":55}},{"path":"M 20 510 L 560 705","width":34,"label":"Rua Rodrigues dos Santos","labelPos":{"x":250,"y":665}}]}'),
  ('mezanino', 'Mezanino', 1, 'M 200 140 L 820 140 L 880 340 L 740 560 L 300 560 L 200 420 Z', '{}'),
  ('subsolo', 'Subsolo', -1, 'M 240 160 L 780 160 L 840 360 L 700 560 L 280 560 L 240 460 Z', '{}');

insert into public.categories (id, name, color, icon) values
  ('moda', 'Moda', '#c7b9e2', 'shirt'),
  ('alimentacao', 'Alimentação', '#f2c6a0', 'utensils-crossed'),
  ('eletronicos', 'Eletrônicos', '#a8c5e2', 'smartphone'),
  ('servicos', 'Serviços', '#b9c2cc', 'briefcase'),
  ('beleza', 'Beleza & Saúde', '#f0b8c4', 'sparkles'),
  ('lazer', 'Lazer', '#b5d9b6', 'gamepad-2'),
  ('casa', 'Casa & Decoração', '#d9ceb2', 'lamp'),
  ('ancora', 'Âncora', '#9db3c8', 'store');

insert into public.zones (id, floor_id, name, color, initials, marker, area) values
  ('ala-azul', 'terreo', 'Ala Azul', '#3b82f6', 'AZ', '{"x":240,"y":312}', '{"points":[[150,325],[335,325],[335,575],[183,575],[150,525]]}'),
  ('ala-vermelha', 'terreo', 'Ala Vermelha', '#ef4444', 'VM', '{"x":495,"y":128}', '{"points":[[360,140],[630,140],[630,430],[360,430]]}'),
  ('ala-amarela', 'terreo', 'Ala Amarela', '#eab308', 'AM', '{"x":750,"y":128}', '{"points":[[655,140],[845,140],[845,430],[655,430]]}'),
  ('ala-1000', 'terreo', 'Ala 1000', '#9ca3af', 'A1', '{"x":896,"y":292}', '{"points":[[850,160],[900,160],[943,330],[858,465]]}'),
  ('ala-verde', 'mezanino', 'Ala Verde', '#22c55e', 'AV', '{"x":355,"y":162}', '{"points":[[225,165],[495,165],[495,535],[312,535],[225,442]]}'),
  ('ala-laranja', 'mezanino', 'Ala Laranja', '#f97316', 'AL', '{"x":655,"y":162}', '{"points":[[515,165],[800,165],[800,535],[515,535]]}'),
  ('ala-roxa', 'subsolo', 'Ala Roxa', '#8b5cf6', 'AR', '{"x":375,"y":182}', '{"points":[[255,175],[500,175],[500,540],[287,540],[255,472]]}'),
  ('ala-ciano', 'subsolo', 'Ala Ciano', '#06b6d4', 'AC', '{"x":640,"y":182}', '{"points":[[520,175],[790,175],[790,540],[520,540]]}');

insert into public.stores (id, name, number, floor_id, category_id, zone_id, polygon, label_pos, description, hours, phone, logo_initials) values
  ('box-terreo-100', 'Box 100', '100', 'terreo', 'lazer', 'ala-azul', '{"points":[[160,335],[180,335],[180,363],[160,363]]}', '{"x":170,"y":349}', 'Brinquedos, games e artigos de lazer.', 'Seg–Sáb 9h–19h · Dom 9h–14h', '(11) 4002-1000', 'B0'),
  ('box-terreo-101', 'Box 101', '101', 'terreo', 'beleza', 'ala-azul', '{"points":[[185,335],[205,335],[205,363],[185,363]]}', '{"x":195,"y":349}', 'Cosméticos, perfumaria e cuidados pessoais.', 'Seg–Sáb 9h–19h · Dom 9h–14h', '(11) 4002-1001', 'B1'),
  ('box-terreo-102', 'Box 102', '102', 'terreo', 'eletronicos', 'ala-azul', '{"points":[[210,335],[230,335],[230,363],[210,363]]}', '{"x":220,"y":349}', 'Celulares, acessórios e eletrônicos em geral.', 'Seg–Sáb 9h–19h · Dom 9h–14h', '(11) 4002-1002', 'B2'),
  ('box-terreo-103', 'Box 103', '103', 'terreo', 'alimentacao', 'ala-azul', '{"points":[[235,335],[255,335],[255,363],[235,363]]}', '{"x":245,"y":349}', 'Lanches, doces e bebidas.', 'Seg–Sáb 9h–19h · Dom 9h–14h', '(11) 4002-1003', 'B3'),
  ('box-terreo-104', 'Box 104', '104', 'terreo', 'casa', 'ala-azul', '{"points":[[260,335],[280,335],[280,363],[260,363]]}', '{"x":270,"y":349}', 'Utilidades domésticas e artigos para casa.', 'Seg–Sáb 9h–19h · Dom 9h–14h', '(11) 4002-1004', 'B4'),
  ('box-terreo-105', 'Box 105', '105', 'terreo', 'servicos', 'ala-azul', '{"points":[[285,335],[305,335],[305,363],[285,363]]}', '{"x":295,"y":349}', 'Serviços rápidos e atendimento ao cliente.', 'Seg–Sáb 9h–19h · Dom 9h–14h', '(11) 4002-1005', 'B5'),
  ('box-terreo-106', 'Box 106', '106', 'terreo', 'moda', 'ala-azul', '{"points":[[310,335],[330,335],[330,363],[310,363]]}', '{"x":320,"y":349}', 'Roupas, calçados e acessórios com preço de shopping popular.', 'Seg–Sáb 9h–19h · Dom 9h–14h', '(11) 4002-1006', 'B6'),
  ('box-terreo-107', 'Box 107', '107', 'terreo', 'beleza', 'ala-azul', '{"points":[[160,375],[180,375],[180,403],[160,403]]}', '{"x":170,"y":389}', 'Cosméticos, perfumaria e cuidados pessoais.', 'Seg–Sáb 9h–19h · Dom 9h–14h', '(11) 4002-1007', 'B7'),
  ('box-terreo-108', 'Box 108', '108', 'terreo', 'eletronicos', 'ala-azul', '{"points":[[185,375],[205,375],[205,403],[185,403]]}', '{"x":195,"y":389}', 'Celulares, acessórios e eletrônicos em geral.', 'Seg–Sáb 9h–19h · Dom 9h–14h', '(11) 4002-1008', 'B8'),
  ('box-terreo-109', 'Box 109', '109', 'terreo', 'alimentacao', 'ala-azul', '{"points":[[210,375],[230,375],[230,403],[210,403]]}', '{"x":220,"y":389}', 'Lanches, doces e bebidas.', 'Seg–Sáb 9h–19h · Dom 9h–14h', '(11) 4002-1009', 'B9'),
  ('box-terreo-110', 'Box 110', '110', 'terreo', 'casa', 'ala-azul', '{"points":[[235,375],[255,375],[255,403],[235,403]]}', '{"x":245,"y":389}', 'Utilidades domésticas e artigos para casa.', 'Seg–Sáb 9h–19h · Dom 9h–14h', '(11) 4002-1010', 'B0'),
  ('box-terreo-111', 'Box 111', '111', 'terreo', 'servicos', 'ala-azul', '{"points":[[260,375],[280,375],[280,403],[260,403]]}', '{"x":270,"y":389}', 'Serviços rápidos e atendimento ao cliente.', 'Seg–Sáb 9h–19h · Dom 9h–14h', '(11) 4002-1011', 'B1'),
  ('box-terreo-112', 'Box 112', '112', 'terreo', 'moda', 'ala-azul', '{"points":[[285,375],[305,375],[305,403],[285,403]]}', '{"x":295,"y":389}', 'Roupas, calçados e acessórios com preço de shopping popular.', 'Seg–Sáb 9h–19h · Dom 9h–14h', '(11) 4002-1012', 'B2'),
  ('box-terreo-113', 'Box 113', '113', 'terreo', 'lazer', 'ala-azul', '{"points":[[310,375],[330,375],[330,403],[310,403]]}', '{"x":320,"y":389}', 'Brinquedos, games e artigos de lazer.', 'Seg–Sáb 9h–19h · Dom 9h–14h', '(11) 4002-1013', 'B3'),
  ('box-terreo-114', 'Box 114', '114', 'terreo', 'eletronicos', 'ala-azul', '{"points":[[160,415],[180,415],[180,443],[160,443]]}', '{"x":170,"y":429}', 'Celulares, acessórios e eletrônicos em geral.', 'Seg–Sáb 9h–19h · Dom 9h–14h', '(11) 4002-1014', 'B4'),
  ('box-terreo-115', 'Box 115', '115', 'terreo', 'alimentacao', 'ala-azul', '{"points":[[185,415],[205,415],[205,443],[185,443]]}', '{"x":195,"y":429}', 'Lanches, doces e bebidas.', 'Seg–Sáb 9h–19h · Dom 9h–14h', '(11) 4002-1015', 'B5'),
  ('box-terreo-116', 'Box 116', '116', 'terreo', 'casa', 'ala-azul', '{"points":[[210,415],[230,415],[230,443],[210,443]]}', '{"x":220,"y":429}', 'Utilidades domésticas e artigos para casa.', 'Seg–Sáb 9h–19h · Dom 9h–14h', '(11) 4002-1016', 'B6'),
  ('box-terreo-117', 'Box 117', '117', 'terreo', 'servicos', 'ala-azul', '{"points":[[235,415],[255,415],[255,443],[235,443]]}', '{"x":245,"y":429}', 'Serviços rápidos e atendimento ao cliente.', 'Seg–Sáb 9h–19h · Dom 9h–14h', '(11) 4002-1017', 'B7'),
  ('box-terreo-118', 'Box 118', '118', 'terreo', 'moda', 'ala-azul', '{"points":[[260,415],[280,415],[280,443],[260,443]]}', '{"x":270,"y":429}', 'Roupas, calçados e acessórios com preço de shopping popular.', 'Seg–Sáb 9h–19h · Dom 9h–14h', '(11) 4002-1018', 'B8'),
  ('box-terreo-119', 'Box 119', '119', 'terreo', 'lazer', 'ala-azul', '{"points":[[285,415],[305,415],[305,443],[285,443]]}', '{"x":295,"y":429}', 'Brinquedos, games e artigos de lazer.', 'Seg–Sáb 9h–19h · Dom 9h–14h', '(11) 4002-1019', 'B9'),
  ('box-terreo-120', 'Box 120', '120', 'terreo', 'beleza', 'ala-azul', '{"points":[[310,415],[330,415],[330,443],[310,443]]}', '{"x":320,"y":429}', 'Cosméticos, perfumaria e cuidados pessoais.', 'Seg–Sáb 9h–19h · Dom 9h–14h', '(11) 4002-1020', 'B0'),
  ('box-terreo-121', 'Box 121', '121', 'terreo', 'alimentacao', 'ala-azul', '{"points":[[160,455],[180,455],[180,483],[160,483]]}', '{"x":170,"y":469}', 'Lanches, doces e bebidas.', 'Seg–Sáb 9h–19h · Dom 9h–14h', '(11) 4002-1021', 'B1'),
  ('box-terreo-122', 'Box 122', '122', 'terreo', 'casa', 'ala-azul', '{"points":[[185,455],[205,455],[205,483],[185,483]]}', '{"x":195,"y":469}', 'Utilidades domésticas e artigos para casa.', 'Seg–Sáb 9h–19h · Dom 9h–14h', '(11) 4002-1022', 'B2'),
  ('box-terreo-123', 'Box 123', '123', 'terreo', 'servicos', 'ala-azul', '{"points":[[210,455],[230,455],[230,483],[210,483]]}', '{"x":220,"y":469}', 'Serviços rápidos e atendimento ao cliente.', 'Seg–Sáb 9h–19h · Dom 9h–14h', '(11) 4002-1023', 'B3'),
  ('box-terreo-124', 'Box 124', '124', 'terreo', 'moda', 'ala-azul', '{"points":[[235,455],[255,455],[255,483],[235,483]]}', '{"x":245,"y":469}', 'Roupas, calçados e acessórios com preço de shopping popular.', 'Seg–Sáb 9h–19h · Dom 9h–14h', '(11) 4002-1024', 'B4'),
  ('box-terreo-125', 'Box 125', '125', 'terreo', 'lazer', 'ala-azul', '{"points":[[260,455],[280,455],[280,483],[260,483]]}', '{"x":270,"y":469}', 'Brinquedos, games e artigos de lazer.', 'Seg–Sáb 9h–19h · Dom 9h–14h', '(11) 4002-1025', 'B5'),
  ('box-terreo-126', 'Box 126', '126', 'terreo', 'beleza', 'ala-azul', '{"points":[[285,455],[305,455],[305,483],[285,483]]}', '{"x":295,"y":469}', 'Cosméticos, perfumaria e cuidados pessoais.', 'Seg–Sáb 9h–19h · Dom 9h–14h', '(11) 4002-1026', 'B6'),
  ('box-terreo-127', 'Box 127', '127', 'terreo', 'eletronicos', 'ala-azul', '{"points":[[310,455],[330,455],[330,483],[310,483]]}', '{"x":320,"y":469}', 'Celulares, acessórios e eletrônicos em geral.', 'Seg–Sáb 9h–19h · Dom 9h–14h', '(11) 4002-1027', 'B7'),
  ('box-terreo-128', 'Box 128', '128', 'terreo', 'casa', 'ala-azul', '{"points":[[160,495],[180,495],[180,523],[160,523]]}', '{"x":170,"y":509}', 'Utilidades domésticas e artigos para casa.', 'Seg–Sáb 9h–19h · Dom 9h–14h', '(11) 4002-1028', 'B8'),
  ('box-terreo-129', 'Box 129', '129', 'terreo', 'servicos', 'ala-azul', '{"points":[[185,495],[205,495],[205,523],[185,523]]}', '{"x":195,"y":509}', 'Serviços rápidos e atendimento ao cliente.', 'Seg–Sáb 9h–19h · Dom 9h–14h', '(11) 4002-1029', 'B9'),
  ('box-terreo-130', 'Box 130', '130', 'terreo', 'moda', 'ala-azul', '{"points":[[210,495],[230,495],[230,523],[210,523]]}', '{"x":220,"y":509}', 'Roupas, calçados e acessórios com preço de shopping popular.', 'Seg–Sáb 9h–19h · Dom 9h–14h', '(11) 4002-1030', 'B0'),
  ('box-terreo-131', 'Box 131', '131', 'terreo', 'lazer', 'ala-azul', '{"points":[[235,495],[255,495],[255,523],[235,523]]}', '{"x":245,"y":509}', 'Brinquedos, games e artigos de lazer.', 'Seg–Sáb 9h–19h · Dom 9h–14h', '(11) 4002-1031', 'B1'),
  ('box-terreo-132', 'Box 132', '132', 'terreo', 'beleza', 'ala-azul', '{"points":[[260,495],[280,495],[280,523],[260,523]]}', '{"x":270,"y":509}', 'Cosméticos, perfumaria e cuidados pessoais.', 'Seg–Sáb 9h–19h · Dom 9h–14h', '(11) 4002-1032', 'B2'),
  ('box-terreo-133', 'Box 133', '133', 'terreo', 'eletronicos', 'ala-azul', '{"points":[[285,495],[305,495],[305,523],[285,523]]}', '{"x":295,"y":509}', 'Celulares, acessórios e eletrônicos em geral.', 'Seg–Sáb 9h–19h · Dom 9h–14h', '(11) 4002-1033', 'B3'),
  ('box-terreo-134', 'Box 134', '134', 'terreo', 'alimentacao', 'ala-azul', '{"points":[[310,495],[330,495],[330,523],[310,523]]}', '{"x":320,"y":509}', 'Lanches, doces e bebidas.', 'Seg–Sáb 9h–19h · Dom 9h–14h', '(11) 4002-1034', 'B4'),
  ('box-terreo-135', 'Box 135', '135', 'terreo', 'beleza', 'ala-azul', '{"points":[[210,535],[230,535],[230,563],[210,563]]}', '{"x":220,"y":549}', 'Cosméticos, perfumaria e cuidados pessoais.', 'Seg–Sáb 9h–19h · Dom 9h–14h', '(11) 4002-1035', 'B5'),
  ('box-terreo-136', 'Box 136', '136', 'terreo', 'eletronicos', 'ala-azul', '{"points":[[235,535],[255,535],[255,563],[235,563]]}', '{"x":245,"y":549}', 'Celulares, acessórios e eletrônicos em geral.', 'Seg–Sáb 9h–19h · Dom 9h–14h', '(11) 4002-1036', 'B6'),
  ('box-terreo-137', 'Box 137', '137', 'terreo', 'alimentacao', 'ala-azul', '{"points":[[260,535],[280,535],[280,563],[260,563]]}', '{"x":270,"y":549}', 'Lanches, doces e bebidas.', 'Seg–Sáb 9h–19h · Dom 9h–14h', '(11) 4002-1037', 'B7'),
  ('box-terreo-138', 'Box 138', '138', 'terreo', 'casa', 'ala-azul', '{"points":[[285,535],[305,535],[305,563],[285,563]]}', '{"x":295,"y":549}', 'Utilidades domésticas e artigos para casa.', 'Seg–Sáb 9h–19h · Dom 9h–14h', '(11) 4002-1038', 'B8'),
  ('box-terreo-139', 'Box 139', '139', 'terreo', 'servicos', 'ala-azul', '{"points":[[310,535],[330,535],[330,563],[310,563]]}', '{"x":320,"y":549}', 'Serviços rápidos e atendimento ao cliente.', 'Seg–Sáb 9h–19h · Dom 9h–14h', '(11) 4002-1039', 'B9'),
  ('box-terreo-300', 'Box 300', '300', 'terreo', 'servicos', 'ala-vermelha', '{"points":[[370,150],[390,150],[390,178],[370,178]]}', '{"x":380,"y":164}', 'Serviços rápidos e atendimento ao cliente.', 'Seg–Sáb 9h–19h · Dom 9h–14h', '(11) 4002-1040', 'B0'),
  ('box-terreo-301', 'Box 301', '301', 'terreo', 'moda', 'ala-vermelha', '{"points":[[395,150],[415,150],[415,178],[395,178]]}', '{"x":405,"y":164}', 'Roupas, calçados e acessórios com preço de shopping popular.', 'Seg–Sáb 9h–19h · Dom 9h–14h', '(11) 4002-1041', 'B1'),
  ('box-terreo-302', 'Box 302', '302', 'terreo', 'lazer', 'ala-vermelha', '{"points":[[420,150],[440,150],[440,178],[420,178]]}', '{"x":430,"y":164}', 'Brinquedos, games e artigos de lazer.', 'Seg–Sáb 9h–19h · Dom 9h–14h', '(11) 4002-1042', 'B2'),
  ('box-terreo-303', 'Box 303', '303', 'terreo', 'beleza', 'ala-vermelha', '{"points":[[445,150],[465,150],[465,178],[445,178]]}', '{"x":455,"y":164}', 'Cosméticos, perfumaria e cuidados pessoais.', 'Seg–Sáb 9h–19h · Dom 9h–14h', '(11) 4002-1043', 'B3'),
  ('box-terreo-304', 'Box 304', '304', 'terreo', 'eletronicos', 'ala-vermelha', '{"points":[[470,150],[490,150],[490,178],[470,178]]}', '{"x":480,"y":164}', 'Celulares, acessórios e eletrônicos em geral.', 'Seg–Sáb 9h–19h · Dom 9h–14h', '(11) 4002-1044', 'B4'),
  ('box-terreo-305', 'Box 305', '305', 'terreo', 'alimentacao', 'ala-vermelha', '{"points":[[495,150],[515,150],[515,178],[495,178]]}', '{"x":505,"y":164}', 'Lanches, doces e bebidas.', 'Seg–Sáb 9h–19h · Dom 9h–14h', '(11) 4002-1045', 'B5'),
  ('box-terreo-306', 'Box 306', '306', 'terreo', 'casa', 'ala-vermelha', '{"points":[[520,150],[540,150],[540,178],[520,178]]}', '{"x":530,"y":164}', 'Utilidades domésticas e artigos para casa.', 'Seg–Sáb 9h–19h · Dom 9h–14h', '(11) 4002-1046', 'B6'),
  ('box-terreo-307', 'Box 307', '307', 'terreo', 'servicos', 'ala-vermelha', '{"points":[[545,150],[565,150],[565,178],[545,178]]}', '{"x":555,"y":164}', 'Serviços rápidos e atendimento ao cliente.', 'Seg–Sáb 9h–19h · Dom 9h–14h', '(11) 4002-1047', 'B7'),
  ('box-terreo-308', 'Box 308', '308', 'terreo', 'moda', 'ala-vermelha', '{"points":[[570,150],[590,150],[590,178],[570,178]]}', '{"x":580,"y":164}', 'Roupas, calçados e acessórios com preço de shopping popular.', 'Seg–Sáb 9h–19h · Dom 9h–14h', '(11) 4002-1048', 'B8'),
  ('box-terreo-309', 'Box 309', '309', 'terreo', 'lazer', 'ala-vermelha', '{"points":[[595,150],[615,150],[615,178],[595,178]]}', '{"x":605,"y":164}', 'Brinquedos, games e artigos de lazer.', 'Seg–Sáb 9h–19h · Dom 9h–14h', '(11) 4002-1049', 'B9');

insert into public.stores (id, name, number, floor_id, category_id, zone_id, polygon, label_pos, description, hours, phone, logo_initials) values
  ('box-terreo-310', 'Box 310', '310', 'terreo', 'beleza', 'ala-vermelha', '{"points":[[370,190],[390,190],[390,218],[370,218]]}', '{"x":380,"y":204}', 'Cosméticos, perfumaria e cuidados pessoais.', 'Seg–Sáb 9h–19h · Dom 9h–14h', '(11) 4002-1050', 'B0'),
  ('box-terreo-311', 'Box 311', '311', 'terreo', 'eletronicos', 'ala-vermelha', '{"points":[[395,190],[415,190],[415,218],[395,218]]}', '{"x":405,"y":204}', 'Celulares, acessórios e eletrônicos em geral.', 'Seg–Sáb 9h–19h · Dom 9h–14h', '(11) 4002-1051', 'B1'),
  ('box-terreo-312', 'Box 312', '312', 'terreo', 'alimentacao', 'ala-vermelha', '{"points":[[420,190],[440,190],[440,218],[420,218]]}', '{"x":430,"y":204}', 'Lanches, doces e bebidas.', 'Seg–Sáb 9h–19h · Dom 9h–14h', '(11) 4002-1052', 'B2'),
  ('box-terreo-313', 'Box 313', '313', 'terreo', 'casa', 'ala-vermelha', '{"points":[[445,190],[465,190],[465,218],[445,218]]}', '{"x":455,"y":204}', 'Utilidades domésticas e artigos para casa.', 'Seg–Sáb 9h–19h · Dom 9h–14h', '(11) 4002-1053', 'B3'),
  ('box-terreo-314', 'Box 314', '314', 'terreo', 'servicos', 'ala-vermelha', '{"points":[[470,190],[490,190],[490,218],[470,218]]}', '{"x":480,"y":204}', 'Serviços rápidos e atendimento ao cliente.', 'Seg–Sáb 9h–19h · Dom 9h–14h', '(11) 4002-1054', 'B4'),
  ('box-terreo-315', 'Box 315', '315', 'terreo', 'moda', 'ala-vermelha', '{"points":[[495,190],[515,190],[515,218],[495,218]]}', '{"x":505,"y":204}', 'Roupas, calçados e acessórios com preço de shopping popular.', 'Seg–Sáb 9h–19h · Dom 9h–14h', '(11) 4002-1055', 'B5'),
  ('box-terreo-316', 'Box 316', '316', 'terreo', 'lazer', 'ala-vermelha', '{"points":[[520,190],[540,190],[540,218],[520,218]]}', '{"x":530,"y":204}', 'Brinquedos, games e artigos de lazer.', 'Seg–Sáb 9h–19h · Dom 9h–14h', '(11) 4002-1056', 'B6'),
  ('box-terreo-317', 'Box 317', '317', 'terreo', 'beleza', 'ala-vermelha', '{"points":[[545,190],[565,190],[565,218],[545,218]]}', '{"x":555,"y":204}', 'Cosméticos, perfumaria e cuidados pessoais.', 'Seg–Sáb 9h–19h · Dom 9h–14h', '(11) 4002-1057', 'B7'),
  ('box-terreo-318', 'Box 318', '318', 'terreo', 'eletronicos', 'ala-vermelha', '{"points":[[570,190],[590,190],[590,218],[570,218]]}', '{"x":580,"y":204}', 'Celulares, acessórios e eletrônicos em geral.', 'Seg–Sáb 9h–19h · Dom 9h–14h', '(11) 4002-1058', 'B8'),
  ('box-terreo-319', 'Box 319', '319', 'terreo', 'alimentacao', 'ala-vermelha', '{"points":[[595,190],[615,190],[615,218],[595,218]]}', '{"x":605,"y":204}', 'Lanches, doces e bebidas.', 'Seg–Sáb 9h–19h · Dom 9h–14h', '(11) 4002-1059', 'B9'),
  ('box-terreo-320', 'Box 320', '320', 'terreo', 'casa', 'ala-vermelha', '{"points":[[370,230],[390,230],[390,258],[370,258]]}', '{"x":380,"y":244}', 'Utilidades domésticas e artigos para casa.', 'Seg–Sáb 9h–19h · Dom 9h–14h', '(11) 4002-1060', 'B0'),
  ('box-terreo-321', 'Box 321', '321', 'terreo', 'servicos', 'ala-vermelha', '{"points":[[395,230],[415,230],[415,258],[395,258]]}', '{"x":405,"y":244}', 'Serviços rápidos e atendimento ao cliente.', 'Seg–Sáb 9h–19h · Dom 9h–14h', '(11) 4002-1061', 'B1'),
  ('box-terreo-322', 'Box 322', '322', 'terreo', 'moda', 'ala-vermelha', '{"points":[[420,230],[440,230],[440,258],[420,258]]}', '{"x":430,"y":244}', 'Roupas, calçados e acessórios com preço de shopping popular.', 'Seg–Sáb 9h–19h · Dom 9h–14h', '(11) 4002-1062', 'B2'),
  ('box-terreo-323', 'Box 323', '323', 'terreo', 'lazer', 'ala-vermelha', '{"points":[[445,230],[465,230],[465,258],[445,258]]}', '{"x":455,"y":244}', 'Brinquedos, games e artigos de lazer.', 'Seg–Sáb 9h–19h · Dom 9h–14h', '(11) 4002-1063', 'B3'),
  ('box-terreo-324', 'Box 324', '324', 'terreo', 'beleza', 'ala-vermelha', '{"points":[[470,230],[490,230],[490,258],[470,258]]}', '{"x":480,"y":244}', 'Cosméticos, perfumaria e cuidados pessoais.', 'Seg–Sáb 9h–19h · Dom 9h–14h', '(11) 4002-1064', 'B4'),
  ('box-terreo-325', 'Box 325', '325', 'terreo', 'eletronicos', 'ala-vermelha', '{"points":[[495,230],[515,230],[515,258],[495,258]]}', '{"x":505,"y":244}', 'Celulares, acessórios e eletrônicos em geral.', 'Seg–Sáb 9h–19h · Dom 9h–14h', '(11) 4002-1065', 'B5'),
  ('box-terreo-326', 'Box 326', '326', 'terreo', 'alimentacao', 'ala-vermelha', '{"points":[[520,230],[540,230],[540,258],[520,258]]}', '{"x":530,"y":244}', 'Lanches, doces e bebidas.', 'Seg–Sáb 9h–19h · Dom 9h–14h', '(11) 4002-1066', 'B6'),
  ('box-terreo-327', 'Box 327', '327', 'terreo', 'casa', 'ala-vermelha', '{"points":[[545,230],[565,230],[565,258],[545,258]]}', '{"x":555,"y":244}', 'Utilidades domésticas e artigos para casa.', 'Seg–Sáb 9h–19h · Dom 9h–14h', '(11) 4002-1067', 'B7'),
  ('box-terreo-328', 'Box 328', '328', 'terreo', 'servicos', 'ala-vermelha', '{"points":[[570,230],[590,230],[590,258],[570,258]]}', '{"x":580,"y":244}', 'Serviços rápidos e atendimento ao cliente.', 'Seg–Sáb 9h–19h · Dom 9h–14h', '(11) 4002-1068', 'B8'),
  ('box-terreo-329', 'Box 329', '329', 'terreo', 'moda', 'ala-vermelha', '{"points":[[595,230],[615,230],[615,258],[595,258]]}', '{"x":605,"y":244}', 'Roupas, calçados e acessórios com preço de shopping popular.', 'Seg–Sáb 9h–19h · Dom 9h–14h', '(11) 4002-1069', 'B9'),
  ('box-terreo-330', 'Box 330', '330', 'terreo', 'lazer', 'ala-vermelha', '{"points":[[370,270],[390,270],[390,298],[370,298]]}', '{"x":380,"y":284}', 'Brinquedos, games e artigos de lazer.', 'Seg–Sáb 9h–19h · Dom 9h–14h', '(11) 4002-1070', 'B0'),
  ('box-terreo-331', 'Box 331', '331', 'terreo', 'beleza', 'ala-vermelha', '{"points":[[395,270],[415,270],[415,298],[395,298]]}', '{"x":405,"y":284}', 'Cosméticos, perfumaria e cuidados pessoais.', 'Seg–Sáb 9h–19h · Dom 9h–14h', '(11) 4002-1071', 'B1'),
  ('box-terreo-332', 'Box 332', '332', 'terreo', 'eletronicos', 'ala-vermelha', '{"points":[[420,270],[440,270],[440,298],[420,298]]}', '{"x":430,"y":284}', 'Celulares, acessórios e eletrônicos em geral.', 'Seg–Sáb 9h–19h · Dom 9h–14h', '(11) 4002-1072', 'B2'),
  ('box-terreo-333', 'Box 333', '333', 'terreo', 'alimentacao', 'ala-vermelha', '{"points":[[445,270],[465,270],[465,298],[445,298]]}', '{"x":455,"y":284}', 'Lanches, doces e bebidas.', 'Seg–Sáb 9h–19h · Dom 9h–14h', '(11) 4002-1073', 'B3'),
  ('box-terreo-334', 'Box 334', '334', 'terreo', 'alimentacao', 'ala-vermelha', '{"points":[[570,270],[590,270],[590,298],[570,298]]}', '{"x":580,"y":284}', 'Lanches, doces e bebidas.', 'Seg–Sáb 9h–19h · Dom 9h–14h', '(11) 4002-1074', 'B4'),
  ('box-terreo-335', 'Box 335', '335', 'terreo', 'casa', 'ala-vermelha', '{"points":[[595,270],[615,270],[615,298],[595,298]]}', '{"x":605,"y":284}', 'Utilidades domésticas e artigos para casa.', 'Seg–Sáb 9h–19h · Dom 9h–14h', '(11) 4002-1075', 'B5'),
  ('box-terreo-336', 'Box 336', '336', 'terreo', 'servicos', 'ala-vermelha', '{"points":[[370,310],[390,310],[390,338],[370,338]]}', '{"x":380,"y":324}', 'Serviços rápidos e atendimento ao cliente.', 'Seg–Sáb 9h–19h · Dom 9h–14h', '(11) 4002-1076', 'B6'),
  ('box-terreo-337', 'Box 337', '337', 'terreo', 'moda', 'ala-vermelha', '{"points":[[395,310],[415,310],[415,338],[395,338]]}', '{"x":405,"y":324}', 'Roupas, calçados e acessórios com preço de shopping popular.', 'Seg–Sáb 9h–19h · Dom 9h–14h', '(11) 4002-1077', 'B7'),
  ('box-terreo-338', 'Box 338', '338', 'terreo', 'lazer', 'ala-vermelha', '{"points":[[420,310],[440,310],[440,338],[420,338]]}', '{"x":430,"y":324}', 'Brinquedos, games e artigos de lazer.', 'Seg–Sáb 9h–19h · Dom 9h–14h', '(11) 4002-1078', 'B8'),
  ('box-terreo-339', 'Box 339', '339', 'terreo', 'beleza', 'ala-vermelha', '{"points":[[445,310],[465,310],[465,338],[445,338]]}', '{"x":455,"y":324}', 'Cosméticos, perfumaria e cuidados pessoais.', 'Seg–Sáb 9h–19h · Dom 9h–14h', '(11) 4002-1079', 'B9'),
  ('box-terreo-340', 'Box 340', '340', 'terreo', 'beleza', 'ala-vermelha', '{"points":[[570,310],[590,310],[590,338],[570,338]]}', '{"x":580,"y":324}', 'Cosméticos, perfumaria e cuidados pessoais.', 'Seg–Sáb 9h–19h · Dom 9h–14h', '(11) 4002-1080', 'B0'),
  ('box-terreo-341', 'Box 341', '341', 'terreo', 'eletronicos', 'ala-vermelha', '{"points":[[595,310],[615,310],[615,338],[595,338]]}', '{"x":605,"y":324}', 'Celulares, acessórios e eletrônicos em geral.', 'Seg–Sáb 9h–19h · Dom 9h–14h', '(11) 4002-1081', 'B1'),
  ('box-terreo-342', 'Box 342', '342', 'terreo', 'alimentacao', 'ala-vermelha', '{"points":[[370,350],[390,350],[390,378],[370,378]]}', '{"x":380,"y":364}', 'Lanches, doces e bebidas.', 'Seg–Sáb 9h–19h · Dom 9h–14h', '(11) 4002-1082', 'B2'),
  ('box-terreo-343', 'Box 343', '343', 'terreo', 'casa', 'ala-vermelha', '{"points":[[395,350],[415,350],[415,378],[395,378]]}', '{"x":405,"y":364}', 'Utilidades domésticas e artigos para casa.', 'Seg–Sáb 9h–19h · Dom 9h–14h', '(11) 4002-1083', 'B3'),
  ('box-terreo-344', 'Box 344', '344', 'terreo', 'servicos', 'ala-vermelha', '{"points":[[420,350],[440,350],[440,378],[420,378]]}', '{"x":430,"y":364}', 'Serviços rápidos e atendimento ao cliente.', 'Seg–Sáb 9h–19h · Dom 9h–14h', '(11) 4002-1084', 'B4'),
  ('box-terreo-345', 'Box 345', '345', 'terreo', 'moda', 'ala-vermelha', '{"points":[[445,350],[465,350],[465,378],[445,378]]}', '{"x":455,"y":364}', 'Roupas, calçados e acessórios com preço de shopping popular.', 'Seg–Sáb 9h–19h · Dom 9h–14h', '(11) 4002-1085', 'B5'),
  ('box-terreo-346', 'Box 346', '346', 'terreo', 'lazer', 'ala-vermelha', '{"points":[[470,350],[490,350],[490,378],[470,378]]}', '{"x":480,"y":364}', 'Brinquedos, games e artigos de lazer.', 'Seg–Sáb 9h–19h · Dom 9h–14h', '(11) 4002-1086', 'B6'),
  ('box-terreo-347', 'Box 347', '347', 'terreo', 'beleza', 'ala-vermelha', '{"points":[[495,350],[515,350],[515,378],[495,378]]}', '{"x":505,"y":364}', 'Cosméticos, perfumaria e cuidados pessoais.', 'Seg–Sáb 9h–19h · Dom 9h–14h', '(11) 4002-1087', 'B7'),
  ('box-terreo-348', 'Box 348', '348', 'terreo', 'eletronicos', 'ala-vermelha', '{"points":[[520,350],[540,350],[540,378],[520,378]]}', '{"x":530,"y":364}', 'Celulares, acessórios e eletrônicos em geral.', 'Seg–Sáb 9h–19h · Dom 9h–14h', '(11) 4002-1088', 'B8'),
  ('box-terreo-349', 'Box 349', '349', 'terreo', 'alimentacao', 'ala-vermelha', '{"points":[[545,350],[565,350],[565,378],[545,378]]}', '{"x":555,"y":364}', 'Lanches, doces e bebidas.', 'Seg–Sáb 9h–19h · Dom 9h–14h', '(11) 4002-1089', 'B9'),
  ('box-terreo-350', 'Box 350', '350', 'terreo', 'casa', 'ala-vermelha', '{"points":[[570,350],[590,350],[590,378],[570,378]]}', '{"x":580,"y":364}', 'Utilidades domésticas e artigos para casa.', 'Seg–Sáb 9h–19h · Dom 9h–14h', '(11) 4002-1090', 'B0'),
  ('box-terreo-351', 'Box 351', '351', 'terreo', 'servicos', 'ala-vermelha', '{"points":[[595,350],[615,350],[615,378],[595,378]]}', '{"x":605,"y":364}', 'Serviços rápidos e atendimento ao cliente.', 'Seg–Sáb 9h–19h · Dom 9h–14h', '(11) 4002-1091', 'B1'),
  ('box-terreo-352', 'Box 352', '352', 'terreo', 'moda', 'ala-vermelha', '{"points":[[370,390],[390,390],[390,418],[370,418]]}', '{"x":380,"y":404}', 'Roupas, calçados e acessórios com preço de shopping popular.', 'Seg–Sáb 9h–19h · Dom 9h–14h', '(11) 4002-1092', 'B2'),
  ('box-terreo-353', 'Box 353', '353', 'terreo', 'lazer', 'ala-vermelha', '{"points":[[395,390],[415,390],[415,418],[395,418]]}', '{"x":405,"y":404}', 'Brinquedos, games e artigos de lazer.', 'Seg–Sáb 9h–19h · Dom 9h–14h', '(11) 4002-1093', 'B3'),
  ('box-terreo-354', 'Box 354', '354', 'terreo', 'beleza', 'ala-vermelha', '{"points":[[420,390],[440,390],[440,418],[420,418]]}', '{"x":430,"y":404}', 'Cosméticos, perfumaria e cuidados pessoais.', 'Seg–Sáb 9h–19h · Dom 9h–14h', '(11) 4002-1094', 'B4'),
  ('box-terreo-355', 'Box 355', '355', 'terreo', 'eletronicos', 'ala-vermelha', '{"points":[[445,390],[465,390],[465,418],[445,418]]}', '{"x":455,"y":404}', 'Celulares, acessórios e eletrônicos em geral.', 'Seg–Sáb 9h–19h · Dom 9h–14h', '(11) 4002-1095', 'B5'),
  ('box-terreo-356', 'Box 356', '356', 'terreo', 'alimentacao', 'ala-vermelha', '{"points":[[470,390],[490,390],[490,418],[470,418]]}', '{"x":480,"y":404}', 'Lanches, doces e bebidas.', 'Seg–Sáb 9h–19h · Dom 9h–14h', '(11) 4002-1096', 'B6'),
  ('box-terreo-357', 'Box 357', '357', 'terreo', 'casa', 'ala-vermelha', '{"points":[[495,390],[515,390],[515,418],[495,418]]}', '{"x":505,"y":404}', 'Utilidades domésticas e artigos para casa.', 'Seg–Sáb 9h–19h · Dom 9h–14h', '(11) 4002-1097', 'B7'),
  ('box-terreo-358', 'Box 358', '358', 'terreo', 'servicos', 'ala-vermelha', '{"points":[[520,390],[540,390],[540,418],[520,418]]}', '{"x":530,"y":404}', 'Serviços rápidos e atendimento ao cliente.', 'Seg–Sáb 9h–19h · Dom 9h–14h', '(11) 4002-1098', 'B8'),
  ('box-terreo-359', 'Box 359', '359', 'terreo', 'moda', 'ala-vermelha', '{"points":[[545,390],[565,390],[565,418],[545,418]]}', '{"x":555,"y":404}', 'Roupas, calçados e acessórios com preço de shopping popular.', 'Seg–Sáb 9h–19h · Dom 9h–14h', '(11) 4002-1099', 'B9');

insert into public.stores (id, name, number, floor_id, category_id, zone_id, polygon, label_pos, description, hours, phone, logo_initials) values
  ('box-terreo-360', 'Box 360', '360', 'terreo', 'lazer', 'ala-vermelha', '{"points":[[570,390],[590,390],[590,418],[570,418]]}', '{"x":580,"y":404}', 'Brinquedos, games e artigos de lazer.', 'Seg–Sáb 9h–19h · Dom 9h–14h', '(11) 4002-1100', 'B0'),
  ('box-terreo-361', 'Box 361', '361', 'terreo', 'beleza', 'ala-vermelha', '{"points":[[595,390],[615,390],[615,418],[595,418]]}', '{"x":605,"y":404}', 'Cosméticos, perfumaria e cuidados pessoais.', 'Seg–Sáb 9h–19h · Dom 9h–14h', '(11) 4002-1101', 'B1'),
  ('box-terreo-600', 'Box 600', '600', 'terreo', 'beleza', 'ala-amarela', '{"points":[[665,150],[685,150],[685,178],[665,178]]}', '{"x":675,"y":164}', 'Cosméticos, perfumaria e cuidados pessoais.', 'Seg–Sáb 9h–19h · Dom 9h–14h', '(11) 4002-1102', 'B0'),
  ('box-terreo-601', 'Box 601', '601', 'terreo', 'eletronicos', 'ala-amarela', '{"points":[[690,150],[710,150],[710,178],[690,178]]}', '{"x":700,"y":164}', 'Celulares, acessórios e eletrônicos em geral.', 'Seg–Sáb 9h–19h · Dom 9h–14h', '(11) 4002-1103', 'B1'),
  ('box-terreo-602', 'Box 602', '602', 'terreo', 'alimentacao', 'ala-amarela', '{"points":[[715,150],[735,150],[735,178],[715,178]]}', '{"x":725,"y":164}', 'Lanches, doces e bebidas.', 'Seg–Sáb 9h–19h · Dom 9h–14h', '(11) 4002-1104', 'B2'),
  ('box-terreo-603', 'Box 603', '603', 'terreo', 'casa', 'ala-amarela', '{"points":[[740,150],[760,150],[760,178],[740,178]]}', '{"x":750,"y":164}', 'Utilidades domésticas e artigos para casa.', 'Seg–Sáb 9h–19h · Dom 9h–14h', '(11) 4002-1105', 'B3'),
  ('box-terreo-604', 'Box 604', '604', 'terreo', 'servicos', 'ala-amarela', '{"points":[[765,150],[785,150],[785,178],[765,178]]}', '{"x":775,"y":164}', 'Serviços rápidos e atendimento ao cliente.', 'Seg–Sáb 9h–19h · Dom 9h–14h', '(11) 4002-1106', 'B4'),
  ('box-terreo-605', 'Box 605', '605', 'terreo', 'moda', 'ala-amarela', '{"points":[[790,150],[810,150],[810,178],[790,178]]}', '{"x":800,"y":164}', 'Roupas, calçados e acessórios com preço de shopping popular.', 'Seg–Sáb 9h–19h · Dom 9h–14h', '(11) 4002-1107', 'B5'),
  ('box-terreo-606', 'Box 606', '606', 'terreo', 'lazer', 'ala-amarela', '{"points":[[815,150],[835,150],[835,178],[815,178]]}', '{"x":825,"y":164}', 'Brinquedos, games e artigos de lazer.', 'Seg–Sáb 9h–19h · Dom 9h–14h', '(11) 4002-1108', 'B6'),
  ('box-terreo-607', 'Box 607', '607', 'terreo', 'eletronicos', 'ala-amarela', '{"points":[[665,190],[685,190],[685,218],[665,218]]}', '{"x":675,"y":204}', 'Celulares, acessórios e eletrônicos em geral.', 'Seg–Sáb 9h–19h · Dom 9h–14h', '(11) 4002-1109', 'B7'),
  ('box-terreo-608', 'Box 608', '608', 'terreo', 'alimentacao', 'ala-amarela', '{"points":[[690,190],[710,190],[710,218],[690,218]]}', '{"x":700,"y":204}', 'Lanches, doces e bebidas.', 'Seg–Sáb 9h–19h · Dom 9h–14h', '(11) 4002-1110', 'B8'),
  ('box-terreo-609', 'Box 609', '609', 'terreo', 'casa', 'ala-amarela', '{"points":[[715,190],[735,190],[735,218],[715,218]]}', '{"x":725,"y":204}', 'Utilidades domésticas e artigos para casa.', 'Seg–Sáb 9h–19h · Dom 9h–14h', '(11) 4002-1111', 'B9'),
  ('box-terreo-610', 'Box 610', '610', 'terreo', 'servicos', 'ala-amarela', '{"points":[[740,190],[760,190],[760,218],[740,218]]}', '{"x":750,"y":204}', 'Serviços rápidos e atendimento ao cliente.', 'Seg–Sáb 9h–19h · Dom 9h–14h', '(11) 4002-1112', 'B0'),
  ('box-terreo-611', 'Box 611', '611', 'terreo', 'moda', 'ala-amarela', '{"points":[[765,190],[785,190],[785,218],[765,218]]}', '{"x":775,"y":204}', 'Roupas, calçados e acessórios com preço de shopping popular.', 'Seg–Sáb 9h–19h · Dom 9h–14h', '(11) 4002-1113', 'B1'),
  ('box-terreo-612', 'Box 612', '612', 'terreo', 'lazer', 'ala-amarela', '{"points":[[790,190],[810,190],[810,218],[790,218]]}', '{"x":800,"y":204}', 'Brinquedos, games e artigos de lazer.', 'Seg–Sáb 9h–19h · Dom 9h–14h', '(11) 4002-1114', 'B2'),
  ('box-terreo-613', 'Box 613', '613', 'terreo', 'beleza', 'ala-amarela', '{"points":[[815,190],[835,190],[835,218],[815,218]]}', '{"x":825,"y":204}', 'Cosméticos, perfumaria e cuidados pessoais.', 'Seg–Sáb 9h–19h · Dom 9h–14h', '(11) 4002-1115', 'B3'),
  ('box-terreo-614', 'Box 614', '614', 'terreo', 'alimentacao', 'ala-amarela', '{"points":[[665,230],[685,230],[685,258],[665,258]]}', '{"x":675,"y":244}', 'Lanches, doces e bebidas.', 'Seg–Sáb 9h–19h · Dom 9h–14h', '(11) 4002-1116', 'B4'),
  ('box-terreo-615', 'Box 615', '615', 'terreo', 'casa', 'ala-amarela', '{"points":[[690,230],[710,230],[710,258],[690,258]]}', '{"x":700,"y":244}', 'Utilidades domésticas e artigos para casa.', 'Seg–Sáb 9h–19h · Dom 9h–14h', '(11) 4002-1117', 'B5'),
  ('box-terreo-616', 'Box 616', '616', 'terreo', 'servicos', 'ala-amarela', '{"points":[[715,230],[735,230],[735,258],[715,258]]}', '{"x":725,"y":244}', 'Serviços rápidos e atendimento ao cliente.', 'Seg–Sáb 9h–19h · Dom 9h–14h', '(11) 4002-1118', 'B6'),
  ('box-terreo-617', 'Box 617', '617', 'terreo', 'moda', 'ala-amarela', '{"points":[[740,230],[760,230],[760,258],[740,258]]}', '{"x":750,"y":244}', 'Roupas, calçados e acessórios com preço de shopping popular.', 'Seg–Sáb 9h–19h · Dom 9h–14h', '(11) 4002-1119', 'B7'),
  ('box-terreo-618', 'Box 618', '618', 'terreo', 'lazer', 'ala-amarela', '{"points":[[765,230],[785,230],[785,258],[765,258]]}', '{"x":775,"y":244}', 'Brinquedos, games e artigos de lazer.', 'Seg–Sáb 9h–19h · Dom 9h–14h', '(11) 4002-1120', 'B8'),
  ('box-terreo-619', 'Box 619', '619', 'terreo', 'beleza', 'ala-amarela', '{"points":[[790,230],[810,230],[810,258],[790,258]]}', '{"x":800,"y":244}', 'Cosméticos, perfumaria e cuidados pessoais.', 'Seg–Sáb 9h–19h · Dom 9h–14h', '(11) 4002-1121', 'B9'),
  ('box-terreo-620', 'Box 620', '620', 'terreo', 'eletronicos', 'ala-amarela', '{"points":[[815,230],[835,230],[835,258],[815,258]]}', '{"x":825,"y":244}', 'Celulares, acessórios e eletrônicos em geral.', 'Seg–Sáb 9h–19h · Dom 9h–14h', '(11) 4002-1122', 'B0'),
  ('box-terreo-621', 'Box 621', '621', 'terreo', 'casa', 'ala-amarela', '{"points":[[665,270],[685,270],[685,298],[665,298]]}', '{"x":675,"y":284}', 'Utilidades domésticas e artigos para casa.', 'Seg–Sáb 9h–19h · Dom 9h–14h', '(11) 4002-1123', 'B1'),
  ('box-terreo-622', 'Box 622', '622', 'terreo', 'servicos', 'ala-amarela', '{"points":[[690,270],[710,270],[710,298],[690,298]]}', '{"x":700,"y":284}', 'Serviços rápidos e atendimento ao cliente.', 'Seg–Sáb 9h–19h · Dom 9h–14h', '(11) 4002-1124', 'B2'),
  ('box-terreo-623', 'Box 623', '623', 'terreo', 'moda', 'ala-amarela', '{"points":[[715,270],[735,270],[735,298],[715,298]]}', '{"x":725,"y":284}', 'Roupas, calçados e acessórios com preço de shopping popular.', 'Seg–Sáb 9h–19h · Dom 9h–14h', '(11) 4002-1125', 'B3'),
  ('box-terreo-624', 'Box 624', '624', 'terreo', 'lazer', 'ala-amarela', '{"points":[[740,270],[760,270],[760,298],[740,298]]}', '{"x":750,"y":284}', 'Brinquedos, games e artigos de lazer.', 'Seg–Sáb 9h–19h · Dom 9h–14h', '(11) 4002-1126', 'B4'),
  ('box-terreo-625', 'Box 625', '625', 'terreo', 'beleza', 'ala-amarela', '{"points":[[765,270],[785,270],[785,298],[765,298]]}', '{"x":775,"y":284}', 'Cosméticos, perfumaria e cuidados pessoais.', 'Seg–Sáb 9h–19h · Dom 9h–14h', '(11) 4002-1127', 'B5'),
  ('box-terreo-626', 'Box 626', '626', 'terreo', 'eletronicos', 'ala-amarela', '{"points":[[790,270],[810,270],[810,298],[790,298]]}', '{"x":800,"y":284}', 'Celulares, acessórios e eletrônicos em geral.', 'Seg–Sáb 9h–19h · Dom 9h–14h', '(11) 4002-1128', 'B6'),
  ('box-terreo-627', 'Box 627', '627', 'terreo', 'alimentacao', 'ala-amarela', '{"points":[[815,270],[835,270],[835,298],[815,298]]}', '{"x":825,"y":284}', 'Lanches, doces e bebidas.', 'Seg–Sáb 9h–19h · Dom 9h–14h', '(11) 4002-1129', 'B7'),
  ('box-terreo-628', 'Box 628', '628', 'terreo', 'servicos', 'ala-amarela', '{"points":[[665,310],[685,310],[685,338],[665,338]]}', '{"x":675,"y":324}', 'Serviços rápidos e atendimento ao cliente.', 'Seg–Sáb 9h–19h · Dom 9h–14h', '(11) 4002-1130', 'B8'),
  ('box-terreo-629', 'Box 629', '629', 'terreo', 'moda', 'ala-amarela', '{"points":[[690,310],[710,310],[710,338],[690,338]]}', '{"x":700,"y":324}', 'Roupas, calçados e acessórios com preço de shopping popular.', 'Seg–Sáb 9h–19h · Dom 9h–14h', '(11) 4002-1131', 'B9'),
  ('box-terreo-630', 'Box 630', '630', 'terreo', 'lazer', 'ala-amarela', '{"points":[[715,310],[735,310],[735,338],[715,338]]}', '{"x":725,"y":324}', 'Brinquedos, games e artigos de lazer.', 'Seg–Sáb 9h–19h · Dom 9h–14h', '(11) 4002-1132', 'B0'),
  ('box-terreo-631', 'Box 631', '631', 'terreo', 'beleza', 'ala-amarela', '{"points":[[740,310],[760,310],[760,338],[740,338]]}', '{"x":750,"y":324}', 'Cosméticos, perfumaria e cuidados pessoais.', 'Seg–Sáb 9h–19h · Dom 9h–14h', '(11) 4002-1133', 'B1'),
  ('box-terreo-632', 'Box 632', '632', 'terreo', 'eletronicos', 'ala-amarela', '{"points":[[765,310],[785,310],[785,338],[765,338]]}', '{"x":775,"y":324}', 'Celulares, acessórios e eletrônicos em geral.', 'Seg–Sáb 9h–19h · Dom 9h–14h', '(11) 4002-1134', 'B2'),
  ('box-terreo-633', 'Box 633', '633', 'terreo', 'alimentacao', 'ala-amarela', '{"points":[[790,310],[810,310],[810,338],[790,338]]}', '{"x":800,"y":324}', 'Lanches, doces e bebidas.', 'Seg–Sáb 9h–19h · Dom 9h–14h', '(11) 4002-1135', 'B3'),
  ('box-terreo-634', 'Box 634', '634', 'terreo', 'casa', 'ala-amarela', '{"points":[[815,310],[835,310],[835,338],[815,338]]}', '{"x":825,"y":324}', 'Utilidades domésticas e artigos para casa.', 'Seg–Sáb 9h–19h · Dom 9h–14h', '(11) 4002-1136', 'B4'),
  ('box-terreo-635', 'Box 635', '635', 'terreo', 'moda', 'ala-amarela', '{"points":[[665,350],[685,350],[685,378],[665,378]]}', '{"x":675,"y":364}', 'Roupas, calçados e acessórios com preço de shopping popular.', 'Seg–Sáb 9h–19h · Dom 9h–14h', '(11) 4002-1137', 'B5'),
  ('box-terreo-636', 'Box 636', '636', 'terreo', 'lazer', 'ala-amarela', '{"points":[[690,350],[710,350],[710,378],[690,378]]}', '{"x":700,"y":364}', 'Brinquedos, games e artigos de lazer.', 'Seg–Sáb 9h–19h · Dom 9h–14h', '(11) 4002-1138', 'B6'),
  ('box-terreo-637', 'Box 637', '637', 'terreo', 'beleza', 'ala-amarela', '{"points":[[715,350],[735,350],[735,378],[715,378]]}', '{"x":725,"y":364}', 'Cosméticos, perfumaria e cuidados pessoais.', 'Seg–Sáb 9h–19h · Dom 9h–14h', '(11) 4002-1139', 'B7'),
  ('box-terreo-638', 'Box 638', '638', 'terreo', 'eletronicos', 'ala-amarela', '{"points":[[740,350],[760,350],[760,378],[740,378]]}', '{"x":750,"y":364}', 'Celulares, acessórios e eletrônicos em geral.', 'Seg–Sáb 9h–19h · Dom 9h–14h', '(11) 4002-1140', 'B8'),
  ('box-terreo-639', 'Box 639', '639', 'terreo', 'alimentacao', 'ala-amarela', '{"points":[[765,350],[785,350],[785,378],[765,378]]}', '{"x":775,"y":364}', 'Lanches, doces e bebidas.', 'Seg–Sáb 9h–19h · Dom 9h–14h', '(11) 4002-1141', 'B9'),
  ('box-terreo-640', 'Box 640', '640', 'terreo', 'casa', 'ala-amarela', '{"points":[[790,350],[810,350],[810,378],[790,378]]}', '{"x":800,"y":364}', 'Utilidades domésticas e artigos para casa.', 'Seg–Sáb 9h–19h · Dom 9h–14h', '(11) 4002-1142', 'B0'),
  ('box-terreo-641', 'Box 641', '641', 'terreo', 'servicos', 'ala-amarela', '{"points":[[815,350],[835,350],[835,378],[815,378]]}', '{"x":825,"y":364}', 'Serviços rápidos e atendimento ao cliente.', 'Seg–Sáb 9h–19h · Dom 9h–14h', '(11) 4002-1143', 'B1'),
  ('box-terreo-642', 'Box 642', '642', 'terreo', 'lazer', 'ala-amarela', '{"points":[[665,390],[685,390],[685,418],[665,418]]}', '{"x":675,"y":404}', 'Brinquedos, games e artigos de lazer.', 'Seg–Sáb 9h–19h · Dom 9h–14h', '(11) 4002-1144', 'B2'),
  ('box-terreo-643', 'Box 643', '643', 'terreo', 'beleza', 'ala-amarela', '{"points":[[690,390],[710,390],[710,418],[690,418]]}', '{"x":700,"y":404}', 'Cosméticos, perfumaria e cuidados pessoais.', 'Seg–Sáb 9h–19h · Dom 9h–14h', '(11) 4002-1145', 'B3'),
  ('box-terreo-644', 'Box 644', '644', 'terreo', 'eletronicos', 'ala-amarela', '{"points":[[715,390],[735,390],[735,418],[715,418]]}', '{"x":725,"y":404}', 'Celulares, acessórios e eletrônicos em geral.', 'Seg–Sáb 9h–19h · Dom 9h–14h', '(11) 4002-1146', 'B4'),
  ('box-terreo-645', 'Box 645', '645', 'terreo', 'alimentacao', 'ala-amarela', '{"points":[[740,390],[760,390],[760,418],[740,418]]}', '{"x":750,"y":404}', 'Lanches, doces e bebidas.', 'Seg–Sáb 9h–19h · Dom 9h–14h', '(11) 4002-1147', 'B5'),
  ('box-terreo-646', 'Box 646', '646', 'terreo', 'casa', 'ala-amarela', '{"points":[[765,390],[785,390],[785,418],[765,418]]}', '{"x":775,"y":404}', 'Utilidades domésticas e artigos para casa.', 'Seg–Sáb 9h–19h · Dom 9h–14h', '(11) 4002-1148', 'B6'),
  ('box-terreo-647', 'Box 647', '647', 'terreo', 'servicos', 'ala-amarela', '{"points":[[790,390],[810,390],[810,418],[790,418]]}', '{"x":800,"y":404}', 'Serviços rápidos e atendimento ao cliente.', 'Seg–Sáb 9h–19h · Dom 9h–14h', '(11) 4002-1149', 'B7');

insert into public.stores (id, name, number, floor_id, category_id, zone_id, polygon, label_pos, description, hours, phone, logo_initials) values
  ('box-terreo-648', 'Box 648', '648', 'terreo', 'moda', 'ala-amarela', '{"points":[[815,390],[835,390],[835,418],[815,418]]}', '{"x":825,"y":404}', 'Roupas, calçados e acessórios com preço de shopping popular.', 'Seg–Sáb 9h–19h · Dom 9h–14h', '(11) 4002-1150', 'B8'),
  ('box-terreo-800', 'Box 800', '800', 'terreo', 'eletronicos', null, '{"points":[[370,450],[390,450],[390,478],[370,478]]}', '{"x":380,"y":464}', 'Celulares, acessórios e eletrônicos em geral.', 'Seg–Sáb 9h–19h · Dom 9h–14h', '(11) 4002-1151', 'B0'),
  ('box-terreo-801', 'Box 801', '801', 'terreo', 'alimentacao', null, '{"points":[[395,450],[415,450],[415,478],[395,478]]}', '{"x":405,"y":464}', 'Lanches, doces e bebidas.', 'Seg–Sáb 9h–19h · Dom 9h–14h', '(11) 4002-1152', 'B1'),
  ('box-terreo-802', 'Box 802', '802', 'terreo', 'casa', null, '{"points":[[420,450],[440,450],[440,478],[420,478]]}', '{"x":430,"y":464}', 'Utilidades domésticas e artigos para casa.', 'Seg–Sáb 9h–19h · Dom 9h–14h', '(11) 4002-1153', 'B2'),
  ('box-terreo-803', 'Box 803', '803', 'terreo', 'servicos', null, '{"points":[[445,450],[465,450],[465,478],[445,478]]}', '{"x":455,"y":464}', 'Serviços rápidos e atendimento ao cliente.', 'Seg–Sáb 9h–19h · Dom 9h–14h', '(11) 4002-1154', 'B3'),
  ('box-terreo-804', 'Box 804', '804', 'terreo', 'moda', null, '{"points":[[470,450],[490,450],[490,478],[470,478]]}', '{"x":480,"y":464}', 'Roupas, calçados e acessórios com preço de shopping popular.', 'Seg–Sáb 9h–19h · Dom 9h–14h', '(11) 4002-1155', 'B4'),
  ('box-terreo-805', 'Box 805', '805', 'terreo', 'lazer', null, '{"points":[[495,450],[515,450],[515,478],[495,478]]}', '{"x":505,"y":464}', 'Brinquedos, games e artigos de lazer.', 'Seg–Sáb 9h–19h · Dom 9h–14h', '(11) 4002-1156', 'B5'),
  ('box-terreo-806', 'Box 806', '806', 'terreo', 'beleza', null, '{"points":[[520,450],[540,450],[540,478],[520,478]]}', '{"x":530,"y":464}', 'Cosméticos, perfumaria e cuidados pessoais.', 'Seg–Sáb 9h–19h · Dom 9h–14h', '(11) 4002-1157', 'B6'),
  ('box-terreo-807', 'Box 807', '807', 'terreo', 'eletronicos', null, '{"points":[[545,450],[565,450],[565,478],[545,478]]}', '{"x":555,"y":464}', 'Celulares, acessórios e eletrônicos em geral.', 'Seg–Sáb 9h–19h · Dom 9h–14h', '(11) 4002-1158', 'B7'),
  ('box-terreo-808', 'Box 808', '808', 'terreo', 'alimentacao', null, '{"points":[[570,450],[590,450],[590,478],[570,478]]}', '{"x":580,"y":464}', 'Lanches, doces e bebidas.', 'Seg–Sáb 9h–19h · Dom 9h–14h', '(11) 4002-1159', 'B8'),
  ('box-terreo-809', 'Box 809', '809', 'terreo', 'casa', null, '{"points":[[595,450],[615,450],[615,478],[595,478]]}', '{"x":605,"y":464}', 'Utilidades domésticas e artigos para casa.', 'Seg–Sáb 9h–19h · Dom 9h–14h', '(11) 4002-1160', 'B9'),
  ('box-terreo-810', 'Box 810', '810', 'terreo', 'servicos', null, '{"points":[[620,450],[640,450],[640,478],[620,478]]}', '{"x":630,"y":464}', 'Serviços rápidos e atendimento ao cliente.', 'Seg–Sáb 9h–19h · Dom 9h–14h', '(11) 4002-1161', 'B0'),
  ('box-terreo-811', 'Box 811', '811', 'terreo', 'moda', null, '{"points":[[645,450],[665,450],[665,478],[645,478]]}', '{"x":655,"y":464}', 'Roupas, calçados e acessórios com preço de shopping popular.', 'Seg–Sáb 9h–19h · Dom 9h–14h', '(11) 4002-1162', 'B1'),
  ('box-terreo-812', 'Box 812', '812', 'terreo', 'lazer', null, '{"points":[[670,450],[690,450],[690,478],[670,478]]}', '{"x":680,"y":464}', 'Brinquedos, games e artigos de lazer.', 'Seg–Sáb 9h–19h · Dom 9h–14h', '(11) 4002-1163', 'B2'),
  ('box-terreo-813', 'Box 813', '813', 'terreo', 'beleza', null, '{"points":[[695,450],[715,450],[715,478],[695,478]]}', '{"x":705,"y":464}', 'Cosméticos, perfumaria e cuidados pessoais.', 'Seg–Sáb 9h–19h · Dom 9h–14h', '(11) 4002-1164', 'B3'),
  ('box-terreo-814', 'Box 814', '814', 'terreo', 'eletronicos', null, '{"points":[[720,450],[740,450],[740,478],[720,478]]}', '{"x":730,"y":464}', 'Celulares, acessórios e eletrônicos em geral.', 'Seg–Sáb 9h–19h · Dom 9h–14h', '(11) 4002-1165', 'B4'),
  ('box-terreo-815', 'Box 815', '815', 'terreo', 'alimentacao', null, '{"points":[[745,450],[765,450],[765,478],[745,478]]}', '{"x":755,"y":464}', 'Lanches, doces e bebidas.', 'Seg–Sáb 9h–19h · Dom 9h–14h', '(11) 4002-1166', 'B5'),
  ('box-terreo-816', 'Box 816', '816', 'terreo', 'eletronicos', null, '{"points":[[370,490],[390,490],[390,518],[370,518]]}', '{"x":380,"y":504}', 'Celulares, acessórios e eletrônicos em geral.', 'Seg–Sáb 9h–19h · Dom 9h–14h', '(11) 4002-1167', 'B6'),
  ('box-terreo-817', 'Box 817', '817', 'terreo', 'alimentacao', null, '{"points":[[395,490],[415,490],[415,518],[395,518]]}', '{"x":405,"y":504}', 'Lanches, doces e bebidas.', 'Seg–Sáb 9h–19h · Dom 9h–14h', '(11) 4002-1168', 'B7'),
  ('box-terreo-818', 'Box 818', '818', 'terreo', 'casa', null, '{"points":[[420,490],[440,490],[440,518],[420,518]]}', '{"x":430,"y":504}', 'Utilidades domésticas e artigos para casa.', 'Seg–Sáb 9h–19h · Dom 9h–14h', '(11) 4002-1169', 'B8'),
  ('box-terreo-819', 'Box 819', '819', 'terreo', 'servicos', null, '{"points":[[445,490],[465,490],[465,518],[445,518]]}', '{"x":455,"y":504}', 'Serviços rápidos e atendimento ao cliente.', 'Seg–Sáb 9h–19h · Dom 9h–14h', '(11) 4002-1170', 'B9'),
  ('box-terreo-820', 'Box 820', '820', 'terreo', 'moda', null, '{"points":[[470,490],[490,490],[490,518],[470,518]]}', '{"x":480,"y":504}', 'Roupas, calçados e acessórios com preço de shopping popular.', 'Seg–Sáb 9h–19h · Dom 9h–14h', '(11) 4002-1171', 'B0'),
  ('box-terreo-821', 'Box 821', '821', 'terreo', 'lazer', null, '{"points":[[495,490],[515,490],[515,518],[495,518]]}', '{"x":505,"y":504}', 'Brinquedos, games e artigos de lazer.', 'Seg–Sáb 9h–19h · Dom 9h–14h', '(11) 4002-1172', 'B1'),
  ('box-terreo-822', 'Box 822', '822', 'terreo', 'beleza', null, '{"points":[[520,490],[540,490],[540,518],[520,518]]}', '{"x":530,"y":504}', 'Cosméticos, perfumaria e cuidados pessoais.', 'Seg–Sáb 9h–19h · Dom 9h–14h', '(11) 4002-1173', 'B2'),
  ('box-terreo-823', 'Box 823', '823', 'terreo', 'eletronicos', null, '{"points":[[545,490],[565,490],[565,518],[545,518]]}', '{"x":555,"y":504}', 'Celulares, acessórios e eletrônicos em geral.', 'Seg–Sáb 9h–19h · Dom 9h–14h', '(11) 4002-1174', 'B3'),
  ('box-terreo-824', 'Box 824', '824', 'terreo', 'alimentacao', null, '{"points":[[570,490],[590,490],[590,518],[570,518]]}', '{"x":580,"y":504}', 'Lanches, doces e bebidas.', 'Seg–Sáb 9h–19h · Dom 9h–14h', '(11) 4002-1175', 'B4'),
  ('box-terreo-825', 'Box 825', '825', 'terreo', 'casa', null, '{"points":[[595,490],[615,490],[615,518],[595,518]]}', '{"x":605,"y":504}', 'Utilidades domésticas e artigos para casa.', 'Seg–Sáb 9h–19h · Dom 9h–14h', '(11) 4002-1176', 'B5'),
  ('box-terreo-826', 'Box 826', '826', 'terreo', 'servicos', null, '{"points":[[620,490],[640,490],[640,518],[620,518]]}', '{"x":630,"y":504}', 'Serviços rápidos e atendimento ao cliente.', 'Seg–Sáb 9h–19h · Dom 9h–14h', '(11) 4002-1177', 'B6'),
  ('box-terreo-827', 'Box 827', '827', 'terreo', 'moda', null, '{"points":[[645,490],[665,490],[665,518],[645,518]]}', '{"x":655,"y":504}', 'Roupas, calçados e acessórios com preço de shopping popular.', 'Seg–Sáb 9h–19h · Dom 9h–14h', '(11) 4002-1178', 'B7'),
  ('box-terreo-828', 'Box 828', '828', 'terreo', 'lazer', null, '{"points":[[670,490],[690,490],[690,518],[670,518]]}', '{"x":680,"y":504}', 'Brinquedos, games e artigos de lazer.', 'Seg–Sáb 9h–19h · Dom 9h–14h', '(11) 4002-1179', 'B8'),
  ('box-terreo-829', 'Box 829', '829', 'terreo', 'beleza', null, '{"points":[[695,490],[715,490],[715,518],[695,518]]}', '{"x":705,"y":504}', 'Cosméticos, perfumaria e cuidados pessoais.', 'Seg–Sáb 9h–19h · Dom 9h–14h', '(11) 4002-1180', 'B9'),
  ('box-terreo-830', 'Box 830', '830', 'terreo', 'eletronicos', null, '{"points":[[720,490],[740,490],[740,518],[720,518]]}', '{"x":730,"y":504}', 'Celulares, acessórios e eletrônicos em geral.', 'Seg–Sáb 9h–19h · Dom 9h–14h', '(11) 4002-1181', 'B0'),
  ('box-terreo-831', 'Box 831', '831', 'terreo', 'alimentacao', null, '{"points":[[745,490],[765,490],[765,518],[745,518]]}', '{"x":755,"y":504}', 'Lanches, doces e bebidas.', 'Seg–Sáb 9h–19h · Dom 9h–14h', '(11) 4002-1182', 'B1'),
  ('box-terreo-832', 'Box 832', '832', 'terreo', 'eletronicos', null, '{"points":[[370,530],[390,530],[390,558],[370,558]]}', '{"x":380,"y":544}', 'Celulares, acessórios e eletrônicos em geral.', 'Seg–Sáb 9h–19h · Dom 9h–14h', '(11) 4002-1183', 'B2'),
  ('box-terreo-833', 'Box 833', '833', 'terreo', 'alimentacao', null, '{"points":[[395,530],[415,530],[415,558],[395,558]]}', '{"x":405,"y":544}', 'Lanches, doces e bebidas.', 'Seg–Sáb 9h–19h · Dom 9h–14h', '(11) 4002-1184', 'B3'),
  ('box-terreo-834', 'Box 834', '834', 'terreo', 'casa', null, '{"points":[[420,530],[440,530],[440,558],[420,558]]}', '{"x":430,"y":544}', 'Utilidades domésticas e artigos para casa.', 'Seg–Sáb 9h–19h · Dom 9h–14h', '(11) 4002-1185', 'B4'),
  ('box-terreo-835', 'Box 835', '835', 'terreo', 'servicos', null, '{"points":[[445,530],[465,530],[465,558],[445,558]]}', '{"x":455,"y":544}', 'Serviços rápidos e atendimento ao cliente.', 'Seg–Sáb 9h–19h · Dom 9h–14h', '(11) 4002-1186', 'B5'),
  ('box-terreo-836', 'Box 836', '836', 'terreo', 'moda', null, '{"points":[[470,530],[490,530],[490,558],[470,558]]}', '{"x":480,"y":544}', 'Roupas, calçados e acessórios com preço de shopping popular.', 'Seg–Sáb 9h–19h · Dom 9h–14h', '(11) 4002-1187', 'B6'),
  ('box-terreo-837', 'Box 837', '837', 'terreo', 'lazer', null, '{"points":[[495,530],[515,530],[515,558],[495,558]]}', '{"x":505,"y":544}', 'Brinquedos, games e artigos de lazer.', 'Seg–Sáb 9h–19h · Dom 9h–14h', '(11) 4002-1188', 'B7'),
  ('box-terreo-838', 'Box 838', '838', 'terreo', 'beleza', null, '{"points":[[520,530],[540,530],[540,558],[520,558]]}', '{"x":530,"y":544}', 'Cosméticos, perfumaria e cuidados pessoais.', 'Seg–Sáb 9h–19h · Dom 9h–14h', '(11) 4002-1189', 'B8'),
  ('box-terreo-839', 'Box 839', '839', 'terreo', 'eletronicos', null, '{"points":[[545,530],[565,530],[565,558],[545,558]]}', '{"x":555,"y":544}', 'Celulares, acessórios e eletrônicos em geral.', 'Seg–Sáb 9h–19h · Dom 9h–14h', '(11) 4002-1190', 'B9'),
  ('box-terreo-840', 'Box 840', '840', 'terreo', 'alimentacao', null, '{"points":[[570,530],[590,530],[590,558],[570,558]]}', '{"x":580,"y":544}', 'Lanches, doces e bebidas.', 'Seg–Sáb 9h–19h · Dom 9h–14h', '(11) 4002-1191', 'B0'),
  ('box-terreo-841', 'Box 841', '841', 'terreo', 'casa', null, '{"points":[[595,530],[615,530],[615,558],[595,558]]}', '{"x":605,"y":544}', 'Utilidades domésticas e artigos para casa.', 'Seg–Sáb 9h–19h · Dom 9h–14h', '(11) 4002-1192', 'B1'),
  ('box-terreo-842', 'Box 842', '842', 'terreo', 'servicos', null, '{"points":[[620,530],[640,530],[640,558],[620,558]]}', '{"x":630,"y":544}', 'Serviços rápidos e atendimento ao cliente.', 'Seg–Sáb 9h–19h · Dom 9h–14h', '(11) 4002-1193', 'B2'),
  ('box-terreo-843', 'Box 843', '843', 'terreo', 'moda', null, '{"points":[[645,530],[665,530],[665,558],[645,558]]}', '{"x":655,"y":544}', 'Roupas, calçados e acessórios com preço de shopping popular.', 'Seg–Sáb 9h–19h · Dom 9h–14h', '(11) 4002-1194', 'B3'),
  ('box-terreo-844', 'Box 844', '844', 'terreo', 'lazer', null, '{"points":[[670,530],[690,530],[690,558],[670,558]]}', '{"x":680,"y":544}', 'Brinquedos, games e artigos de lazer.', 'Seg–Sáb 9h–19h · Dom 9h–14h', '(11) 4002-1195', 'B4'),
  ('box-terreo-845', 'Box 845', '845', 'terreo', 'beleza', null, '{"points":[[695,530],[715,530],[715,558],[695,558]]}', '{"x":705,"y":544}', 'Cosméticos, perfumaria e cuidados pessoais.', 'Seg–Sáb 9h–19h · Dom 9h–14h', '(11) 4002-1196', 'B5'),
  ('box-terreo-846', 'Box 846', '846', 'terreo', 'eletronicos', null, '{"points":[[720,530],[740,530],[740,558],[720,558]]}', '{"x":730,"y":544}', 'Celulares, acessórios e eletrônicos em geral.', 'Seg–Sáb 9h–19h · Dom 9h–14h', '(11) 4002-1197', 'B6'),
  ('box-terreo-847', 'Box 847', '847', 'terreo', 'alimentacao', null, '{"points":[[745,530],[765,530],[765,558],[745,558]]}', '{"x":755,"y":544}', 'Lanches, doces e bebidas.', 'Seg–Sáb 9h–19h · Dom 9h–14h', '(11) 4002-1198', 'B7'),
  ('box-terreo-1000', 'Box 1000', '1000', 'terreo', 'beleza', 'ala-1000', '{"points":[[855,170],[875,170],[875,198],[855,198]]}', '{"x":865,"y":184}', 'Cosméticos, perfumaria e cuidados pessoais.', 'Seg–Sáb 9h–19h · Dom 9h–14h', '(11) 4002-1199', 'B0');

insert into public.stores (id, name, number, floor_id, category_id, zone_id, polygon, label_pos, description, hours, phone, logo_initials) values
  ('box-terreo-1001', 'Box 1001', '1001', 'terreo', 'eletronicos', 'ala-1000', '{"points":[[880,170],[900,170],[900,198],[880,198]]}', '{"x":890,"y":184}', 'Celulares, acessórios e eletrônicos em geral.', 'Seg–Sáb 9h–19h · Dom 9h–14h', '(11) 4002-1200', 'B1'),
  ('box-terreo-1002', 'Box 1002', '1002', 'terreo', 'beleza', 'ala-1000', '{"points":[[855,210],[875,210],[875,238],[855,238]]}', '{"x":865,"y":224}', 'Cosméticos, perfumaria e cuidados pessoais.', 'Seg–Sáb 9h–19h · Dom 9h–14h', '(11) 4002-1201', 'B2'),
  ('box-terreo-1003', 'Box 1003', '1003', 'terreo', 'eletronicos', 'ala-1000', '{"points":[[880,210],[900,210],[900,238],[880,238]]}', '{"x":890,"y":224}', 'Celulares, acessórios e eletrônicos em geral.', 'Seg–Sáb 9h–19h · Dom 9h–14h', '(11) 4002-1202', 'B3'),
  ('box-terreo-1004', 'Box 1004', '1004', 'terreo', 'beleza', 'ala-1000', '{"points":[[855,250],[875,250],[875,278],[855,278]]}', '{"x":865,"y":264}', 'Cosméticos, perfumaria e cuidados pessoais.', 'Seg–Sáb 9h–19h · Dom 9h–14h', '(11) 4002-1203', 'B4'),
  ('box-terreo-1005', 'Box 1005', '1005', 'terreo', 'eletronicos', 'ala-1000', '{"points":[[880,250],[900,250],[900,278],[880,278]]}', '{"x":890,"y":264}', 'Celulares, acessórios e eletrônicos em geral.', 'Seg–Sáb 9h–19h · Dom 9h–14h', '(11) 4002-1204', 'B5'),
  ('box-terreo-1006', 'Box 1006', '1006', 'terreo', 'beleza', 'ala-1000', '{"points":[[855,290],[875,290],[875,318],[855,318]]}', '{"x":865,"y":304}', 'Cosméticos, perfumaria e cuidados pessoais.', 'Seg–Sáb 9h–19h · Dom 9h–14h', '(11) 4002-1205', 'B6'),
  ('box-terreo-1007', 'Box 1007', '1007', 'terreo', 'eletronicos', 'ala-1000', '{"points":[[880,290],[900,290],[900,318],[880,318]]}', '{"x":890,"y":304}', 'Celulares, acessórios e eletrônicos em geral.', 'Seg–Sáb 9h–19h · Dom 9h–14h', '(11) 4002-1206', 'B7'),
  ('box-terreo-1008', 'Box 1008', '1008', 'terreo', 'beleza', 'ala-1000', '{"points":[[855,330],[875,330],[875,358],[855,358]]}', '{"x":865,"y":344}', 'Cosméticos, perfumaria e cuidados pessoais.', 'Seg–Sáb 9h–19h · Dom 9h–14h', '(11) 4002-1207', 'B8'),
  ('box-terreo-1009', 'Box 1009', '1009', 'terreo', 'eletronicos', 'ala-1000', '{"points":[[880,330],[900,330],[900,358],[880,358]]}', '{"x":890,"y":344}', 'Celulares, acessórios e eletrônicos em geral.', 'Seg–Sáb 9h–19h · Dom 9h–14h', '(11) 4002-1208', 'B9'),
  ('box-terreo-1010', 'Box 1010', '1010', 'terreo', 'beleza', 'ala-1000', '{"points":[[855,370],[875,370],[875,398],[855,398]]}', '{"x":865,"y":384}', 'Cosméticos, perfumaria e cuidados pessoais.', 'Seg–Sáb 9h–19h · Dom 9h–14h', '(11) 4002-1209', 'B0'),
  ('box-mezanino-m-1', 'Box M-1', 'M-1', 'mezanino', 'moda', 'ala-verde', '{"points":[[240,180],[260,180],[260,208],[240,208]]}', '{"x":250,"y":194}', 'Roupas, calçados e acessórios com preço de shopping popular.', 'Seg–Sáb 9h–19h · Dom 9h–14h', '(11) 4002-1210', 'B1'),
  ('box-mezanino-m-2', 'Box M-2', 'M-2', 'mezanino', 'lazer', 'ala-verde', '{"points":[[265,180],[285,180],[285,208],[265,208]]}', '{"x":275,"y":194}', 'Brinquedos, games e artigos de lazer.', 'Seg–Sáb 9h–19h · Dom 9h–14h', '(11) 4002-1211', 'B2'),
  ('box-mezanino-m-3', 'Box M-3', 'M-3', 'mezanino', 'beleza', 'ala-verde', '{"points":[[290,180],[310,180],[310,208],[290,208]]}', '{"x":300,"y":194}', 'Cosméticos, perfumaria e cuidados pessoais.', 'Seg–Sáb 9h–19h · Dom 9h–14h', '(11) 4002-1212', 'B3'),
  ('box-mezanino-m-4', 'Box M-4', 'M-4', 'mezanino', 'eletronicos', 'ala-verde', '{"points":[[315,180],[335,180],[335,208],[315,208]]}', '{"x":325,"y":194}', 'Celulares, acessórios e eletrônicos em geral.', 'Seg–Sáb 9h–19h · Dom 9h–14h', '(11) 4002-1213', 'B4'),
  ('box-mezanino-m-5', 'Box M-5', 'M-5', 'mezanino', 'alimentacao', 'ala-verde', '{"points":[[340,180],[360,180],[360,208],[340,208]]}', '{"x":350,"y":194}', 'Lanches, doces e bebidas.', 'Seg–Sáb 9h–19h · Dom 9h–14h', '(11) 4002-1214', 'B5'),
  ('box-mezanino-m-6', 'Box M-6', 'M-6', 'mezanino', 'casa', 'ala-verde', '{"points":[[365,180],[385,180],[385,208],[365,208]]}', '{"x":375,"y":194}', 'Utilidades domésticas e artigos para casa.', 'Seg–Sáb 9h–19h · Dom 9h–14h', '(11) 4002-1215', 'B6'),
  ('box-mezanino-m-7', 'Box M-7', 'M-7', 'mezanino', 'servicos', 'ala-verde', '{"points":[[390,180],[410,180],[410,208],[390,208]]}', '{"x":400,"y":194}', 'Serviços rápidos e atendimento ao cliente.', 'Seg–Sáb 9h–19h · Dom 9h–14h', '(11) 4002-1216', 'B7'),
  ('box-mezanino-m-8', 'Box M-8', 'M-8', 'mezanino', 'moda', 'ala-verde', '{"points":[[415,180],[435,180],[435,208],[415,208]]}', '{"x":425,"y":194}', 'Roupas, calçados e acessórios com preço de shopping popular.', 'Seg–Sáb 9h–19h · Dom 9h–14h', '(11) 4002-1217', 'B8'),
  ('box-mezanino-m-9', 'Box M-9', 'M-9', 'mezanino', 'lazer', 'ala-verde', '{"points":[[440,180],[460,180],[460,208],[440,208]]}', '{"x":450,"y":194}', 'Brinquedos, games e artigos de lazer.', 'Seg–Sáb 9h–19h · Dom 9h–14h', '(11) 4002-1218', 'B9'),
  ('box-mezanino-m-10', 'Box M-10', 'M-10', 'mezanino', 'beleza', 'ala-verde', '{"points":[[465,180],[485,180],[485,208],[465,208]]}', '{"x":475,"y":194}', 'Cosméticos, perfumaria e cuidados pessoais.', 'Seg–Sáb 9h–19h · Dom 9h–14h', '(11) 4002-1219', 'B0'),
  ('box-mezanino-m-11', 'Box M-11', 'M-11', 'mezanino', 'eletronicos', 'ala-verde', '{"points":[[240,220],[260,220],[260,248],[240,248]]}', '{"x":250,"y":234}', 'Celulares, acessórios e eletrônicos em geral.', 'Seg–Sáb 9h–19h · Dom 9h–14h', '(11) 4002-1220', 'B1'),
  ('box-mezanino-m-12', 'Box M-12', 'M-12', 'mezanino', 'alimentacao', 'ala-verde', '{"points":[[265,220],[285,220],[285,248],[265,248]]}', '{"x":275,"y":234}', 'Lanches, doces e bebidas.', 'Seg–Sáb 9h–19h · Dom 9h–14h', '(11) 4002-1221', 'B2'),
  ('box-mezanino-m-13', 'Box M-13', 'M-13', 'mezanino', 'casa', 'ala-verde', '{"points":[[290,220],[310,220],[310,248],[290,248]]}', '{"x":300,"y":234}', 'Utilidades domésticas e artigos para casa.', 'Seg–Sáb 9h–19h · Dom 9h–14h', '(11) 4002-1222', 'B3'),
  ('box-mezanino-m-14', 'Box M-14', 'M-14', 'mezanino', 'servicos', 'ala-verde', '{"points":[[315,220],[335,220],[335,248],[315,248]]}', '{"x":325,"y":234}', 'Serviços rápidos e atendimento ao cliente.', 'Seg–Sáb 9h–19h · Dom 9h–14h', '(11) 4002-1223', 'B4'),
  ('box-mezanino-m-15', 'Box M-15', 'M-15', 'mezanino', 'moda', 'ala-verde', '{"points":[[340,220],[360,220],[360,248],[340,248]]}', '{"x":350,"y":234}', 'Roupas, calçados e acessórios com preço de shopping popular.', 'Seg–Sáb 9h–19h · Dom 9h–14h', '(11) 4002-1224', 'B5'),
  ('box-mezanino-m-16', 'Box M-16', 'M-16', 'mezanino', 'lazer', 'ala-verde', '{"points":[[365,220],[385,220],[385,248],[365,248]]}', '{"x":375,"y":234}', 'Brinquedos, games e artigos de lazer.', 'Seg–Sáb 9h–19h · Dom 9h–14h', '(11) 4002-1225', 'B6'),
  ('box-mezanino-m-17', 'Box M-17', 'M-17', 'mezanino', 'beleza', 'ala-verde', '{"points":[[390,220],[410,220],[410,248],[390,248]]}', '{"x":400,"y":234}', 'Cosméticos, perfumaria e cuidados pessoais.', 'Seg–Sáb 9h–19h · Dom 9h–14h', '(11) 4002-1226', 'B7'),
  ('box-mezanino-m-18', 'Box M-18', 'M-18', 'mezanino', 'eletronicos', 'ala-verde', '{"points":[[415,220],[435,220],[435,248],[415,248]]}', '{"x":425,"y":234}', 'Celulares, acessórios e eletrônicos em geral.', 'Seg–Sáb 9h–19h · Dom 9h–14h', '(11) 4002-1227', 'B8'),
  ('box-mezanino-m-19', 'Box M-19', 'M-19', 'mezanino', 'alimentacao', 'ala-verde', '{"points":[[440,220],[460,220],[460,248],[440,248]]}', '{"x":450,"y":234}', 'Lanches, doces e bebidas.', 'Seg–Sáb 9h–19h · Dom 9h–14h', '(11) 4002-1228', 'B9'),
  ('box-mezanino-m-20', 'Box M-20', 'M-20', 'mezanino', 'casa', 'ala-verde', '{"points":[[465,220],[485,220],[485,248],[465,248]]}', '{"x":475,"y":234}', 'Utilidades domésticas e artigos para casa.', 'Seg–Sáb 9h–19h · Dom 9h–14h', '(11) 4002-1229', 'B0'),
  ('box-mezanino-m-21', 'Box M-21', 'M-21', 'mezanino', 'servicos', 'ala-verde', '{"points":[[240,260],[260,260],[260,288],[240,288]]}', '{"x":250,"y":274}', 'Serviços rápidos e atendimento ao cliente.', 'Seg–Sáb 9h–19h · Dom 9h–14h', '(11) 4002-1230', 'B1'),
  ('box-mezanino-m-22', 'Box M-22', 'M-22', 'mezanino', 'moda', 'ala-verde', '{"points":[[265,260],[285,260],[285,288],[265,288]]}', '{"x":275,"y":274}', 'Roupas, calçados e acessórios com preço de shopping popular.', 'Seg–Sáb 9h–19h · Dom 9h–14h', '(11) 4002-1231', 'B2'),
  ('box-mezanino-m-23', 'Box M-23', 'M-23', 'mezanino', 'lazer', 'ala-verde', '{"points":[[290,260],[310,260],[310,288],[290,288]]}', '{"x":300,"y":274}', 'Brinquedos, games e artigos de lazer.', 'Seg–Sáb 9h–19h · Dom 9h–14h', '(11) 4002-1232', 'B3'),
  ('box-mezanino-m-24', 'Box M-24', 'M-24', 'mezanino', 'beleza', 'ala-verde', '{"points":[[315,260],[335,260],[335,288],[315,288]]}', '{"x":325,"y":274}', 'Cosméticos, perfumaria e cuidados pessoais.', 'Seg–Sáb 9h–19h · Dom 9h–14h', '(11) 4002-1233', 'B4'),
  ('box-mezanino-m-25', 'Box M-25', 'M-25', 'mezanino', 'eletronicos', 'ala-verde', '{"points":[[340,260],[360,260],[360,288],[340,288]]}', '{"x":350,"y":274}', 'Celulares, acessórios e eletrônicos em geral.', 'Seg–Sáb 9h–19h · Dom 9h–14h', '(11) 4002-1234', 'B5'),
  ('box-mezanino-m-26', 'Box M-26', 'M-26', 'mezanino', 'alimentacao', 'ala-verde', '{"points":[[365,260],[385,260],[385,288],[365,288]]}', '{"x":375,"y":274}', 'Lanches, doces e bebidas.', 'Seg–Sáb 9h–19h · Dom 9h–14h', '(11) 4002-1235', 'B6'),
  ('box-mezanino-m-27', 'Box M-27', 'M-27', 'mezanino', 'casa', 'ala-verde', '{"points":[[390,260],[410,260],[410,288],[390,288]]}', '{"x":400,"y":274}', 'Utilidades domésticas e artigos para casa.', 'Seg–Sáb 9h–19h · Dom 9h–14h', '(11) 4002-1236', 'B7'),
  ('box-mezanino-m-28', 'Box M-28', 'M-28', 'mezanino', 'servicos', 'ala-verde', '{"points":[[415,260],[435,260],[435,288],[415,288]]}', '{"x":425,"y":274}', 'Serviços rápidos e atendimento ao cliente.', 'Seg–Sáb 9h–19h · Dom 9h–14h', '(11) 4002-1237', 'B8'),
  ('box-mezanino-m-29', 'Box M-29', 'M-29', 'mezanino', 'moda', 'ala-verde', '{"points":[[440,260],[460,260],[460,288],[440,288]]}', '{"x":450,"y":274}', 'Roupas, calçados e acessórios com preço de shopping popular.', 'Seg–Sáb 9h–19h · Dom 9h–14h', '(11) 4002-1238', 'B9'),
  ('box-mezanino-m-30', 'Box M-30', 'M-30', 'mezanino', 'lazer', 'ala-verde', '{"points":[[465,260],[485,260],[485,288],[465,288]]}', '{"x":475,"y":274}', 'Brinquedos, games e artigos de lazer.', 'Seg–Sáb 9h–19h · Dom 9h–14h', '(11) 4002-1239', 'B0'),
  ('box-mezanino-m-31', 'Box M-31', 'M-31', 'mezanino', 'beleza', 'ala-verde', '{"points":[[240,300],[260,300],[260,328],[240,328]]}', '{"x":250,"y":314}', 'Cosméticos, perfumaria e cuidados pessoais.', 'Seg–Sáb 9h–19h · Dom 9h–14h', '(11) 4002-1240', 'B1'),
  ('box-mezanino-m-32', 'Box M-32', 'M-32', 'mezanino', 'eletronicos', 'ala-verde', '{"points":[[265,300],[285,300],[285,328],[265,328]]}', '{"x":275,"y":314}', 'Celulares, acessórios e eletrônicos em geral.', 'Seg–Sáb 9h–19h · Dom 9h–14h', '(11) 4002-1241', 'B2'),
  ('box-mezanino-m-33', 'Box M-33', 'M-33', 'mezanino', 'alimentacao', 'ala-verde', '{"points":[[290,300],[310,300],[310,328],[290,328]]}', '{"x":300,"y":314}', 'Lanches, doces e bebidas.', 'Seg–Sáb 9h–19h · Dom 9h–14h', '(11) 4002-1242', 'B3'),
  ('box-mezanino-m-34', 'Box M-34', 'M-34', 'mezanino', 'casa', 'ala-verde', '{"points":[[315,300],[335,300],[335,328],[315,328]]}', '{"x":325,"y":314}', 'Utilidades domésticas e artigos para casa.', 'Seg–Sáb 9h–19h · Dom 9h–14h', '(11) 4002-1243', 'B4'),
  ('box-mezanino-m-35', 'Box M-35', 'M-35', 'mezanino', 'servicos', 'ala-verde', '{"points":[[340,300],[360,300],[360,328],[340,328]]}', '{"x":350,"y":314}', 'Serviços rápidos e atendimento ao cliente.', 'Seg–Sáb 9h–19h · Dom 9h–14h', '(11) 4002-1244', 'B5'),
  ('box-mezanino-m-36', 'Box M-36', 'M-36', 'mezanino', 'moda', 'ala-verde', '{"points":[[365,300],[385,300],[385,328],[365,328]]}', '{"x":375,"y":314}', 'Roupas, calçados e acessórios com preço de shopping popular.', 'Seg–Sáb 9h–19h · Dom 9h–14h', '(11) 4002-1245', 'B6'),
  ('box-mezanino-m-37', 'Box M-37', 'M-37', 'mezanino', 'lazer', 'ala-verde', '{"points":[[390,300],[410,300],[410,328],[390,328]]}', '{"x":400,"y":314}', 'Brinquedos, games e artigos de lazer.', 'Seg–Sáb 9h–19h · Dom 9h–14h', '(11) 4002-1246', 'B7'),
  ('box-mezanino-m-38', 'Box M-38', 'M-38', 'mezanino', 'beleza', 'ala-verde', '{"points":[[415,300],[435,300],[435,328],[415,328]]}', '{"x":425,"y":314}', 'Cosméticos, perfumaria e cuidados pessoais.', 'Seg–Sáb 9h–19h · Dom 9h–14h', '(11) 4002-1247', 'B8'),
  ('box-mezanino-m-39', 'Box M-39', 'M-39', 'mezanino', 'eletronicos', 'ala-verde', '{"points":[[440,300],[460,300],[460,328],[440,328]]}', '{"x":450,"y":314}', 'Celulares, acessórios e eletrônicos em geral.', 'Seg–Sáb 9h–19h · Dom 9h–14h', '(11) 4002-1248', 'B9'),
  ('box-mezanino-m-40', 'Box M-40', 'M-40', 'mezanino', 'alimentacao', 'ala-verde', '{"points":[[465,300],[485,300],[485,328],[465,328]]}', '{"x":475,"y":314}', 'Lanches, doces e bebidas.', 'Seg–Sáb 9h–19h · Dom 9h–14h', '(11) 4002-1249', 'B0');

insert into public.stores (id, name, number, floor_id, category_id, zone_id, polygon, label_pos, description, hours, phone, logo_initials) values
  ('box-mezanino-m-41', 'Box M-41', 'M-41', 'mezanino', 'casa', 'ala-verde', '{"points":[[240,340],[260,340],[260,368],[240,368]]}', '{"x":250,"y":354}', 'Utilidades domésticas e artigos para casa.', 'Seg–Sáb 9h–19h · Dom 9h–14h', '(11) 4002-1250', 'B1'),
  ('box-mezanino-m-42', 'Box M-42', 'M-42', 'mezanino', 'servicos', 'ala-verde', '{"points":[[265,340],[285,340],[285,368],[265,368]]}', '{"x":275,"y":354}', 'Serviços rápidos e atendimento ao cliente.', 'Seg–Sáb 9h–19h · Dom 9h–14h', '(11) 4002-1251', 'B2'),
  ('box-mezanino-m-43', 'Box M-43', 'M-43', 'mezanino', 'moda', 'ala-verde', '{"points":[[290,340],[310,340],[310,368],[290,368]]}', '{"x":300,"y":354}', 'Roupas, calçados e acessórios com preço de shopping popular.', 'Seg–Sáb 9h–19h · Dom 9h–14h', '(11) 4002-1252', 'B3'),
  ('box-mezanino-m-44', 'Box M-44', 'M-44', 'mezanino', 'lazer', 'ala-verde', '{"points":[[315,340],[335,340],[335,368],[315,368]]}', '{"x":325,"y":354}', 'Brinquedos, games e artigos de lazer.', 'Seg–Sáb 9h–19h · Dom 9h–14h', '(11) 4002-1253', 'B4'),
  ('box-mezanino-m-45', 'Box M-45', 'M-45', 'mezanino', 'beleza', 'ala-verde', '{"points":[[340,340],[360,340],[360,368],[340,368]]}', '{"x":350,"y":354}', 'Cosméticos, perfumaria e cuidados pessoais.', 'Seg–Sáb 9h–19h · Dom 9h–14h', '(11) 4002-1254', 'B5'),
  ('box-mezanino-m-46', 'Box M-46', 'M-46', 'mezanino', 'eletronicos', 'ala-verde', '{"points":[[365,340],[385,340],[385,368],[365,368]]}', '{"x":375,"y":354}', 'Celulares, acessórios e eletrônicos em geral.', 'Seg–Sáb 9h–19h · Dom 9h–14h', '(11) 4002-1255', 'B6'),
  ('box-mezanino-m-47', 'Box M-47', 'M-47', 'mezanino', 'alimentacao', 'ala-verde', '{"points":[[390,340],[410,340],[410,368],[390,368]]}', '{"x":400,"y":354}', 'Lanches, doces e bebidas.', 'Seg–Sáb 9h–19h · Dom 9h–14h', '(11) 4002-1256', 'B7'),
  ('box-mezanino-m-48', 'Box M-48', 'M-48', 'mezanino', 'casa', 'ala-verde', '{"points":[[415,340],[435,340],[435,368],[415,368]]}', '{"x":425,"y":354}', 'Utilidades domésticas e artigos para casa.', 'Seg–Sáb 9h–19h · Dom 9h–14h', '(11) 4002-1257', 'B8'),
  ('box-mezanino-m-49', 'Box M-49', 'M-49', 'mezanino', 'servicos', 'ala-verde', '{"points":[[440,340],[460,340],[460,368],[440,368]]}', '{"x":450,"y":354}', 'Serviços rápidos e atendimento ao cliente.', 'Seg–Sáb 9h–19h · Dom 9h–14h', '(11) 4002-1258', 'B9'),
  ('box-mezanino-m-50', 'Box M-50', 'M-50', 'mezanino', 'moda', 'ala-verde', '{"points":[[465,340],[485,340],[485,368],[465,368]]}', '{"x":475,"y":354}', 'Roupas, calçados e acessórios com preço de shopping popular.', 'Seg–Sáb 9h–19h · Dom 9h–14h', '(11) 4002-1259', 'B0'),
  ('box-mezanino-m-51', 'Box M-51', 'M-51', 'mezanino', 'lazer', 'ala-verde', '{"points":[[240,380],[260,380],[260,408],[240,408]]}', '{"x":250,"y":394}', 'Brinquedos, games e artigos de lazer.', 'Seg–Sáb 9h–19h · Dom 9h–14h', '(11) 4002-1260', 'B1'),
  ('box-mezanino-m-52', 'Box M-52', 'M-52', 'mezanino', 'beleza', 'ala-verde', '{"points":[[265,380],[285,380],[285,408],[265,408]]}', '{"x":275,"y":394}', 'Cosméticos, perfumaria e cuidados pessoais.', 'Seg–Sáb 9h–19h · Dom 9h–14h', '(11) 4002-1261', 'B2'),
  ('box-mezanino-m-53', 'Box M-53', 'M-53', 'mezanino', 'eletronicos', 'ala-verde', '{"points":[[290,380],[310,380],[310,408],[290,408]]}', '{"x":300,"y":394}', 'Celulares, acessórios e eletrônicos em geral.', 'Seg–Sáb 9h–19h · Dom 9h–14h', '(11) 4002-1262', 'B3'),
  ('box-mezanino-m-54', 'Box M-54', 'M-54', 'mezanino', 'alimentacao', 'ala-verde', '{"points":[[315,380],[335,380],[335,408],[315,408]]}', '{"x":325,"y":394}', 'Lanches, doces e bebidas.', 'Seg–Sáb 9h–19h · Dom 9h–14h', '(11) 4002-1263', 'B4'),
  ('box-mezanino-m-55', 'Box M-55', 'M-55', 'mezanino', 'casa', 'ala-verde', '{"points":[[340,380],[360,380],[360,408],[340,408]]}', '{"x":350,"y":394}', 'Utilidades domésticas e artigos para casa.', 'Seg–Sáb 9h–19h · Dom 9h–14h', '(11) 4002-1264', 'B5'),
  ('box-mezanino-m-56', 'Box M-56', 'M-56', 'mezanino', 'servicos', 'ala-verde', '{"points":[[365,380],[385,380],[385,408],[365,408]]}', '{"x":375,"y":394}', 'Serviços rápidos e atendimento ao cliente.', 'Seg–Sáb 9h–19h · Dom 9h–14h', '(11) 4002-1265', 'B6'),
  ('box-mezanino-m-57', 'Box M-57', 'M-57', 'mezanino', 'moda', 'ala-verde', '{"points":[[390,380],[410,380],[410,408],[390,408]]}', '{"x":400,"y":394}', 'Roupas, calçados e acessórios com preço de shopping popular.', 'Seg–Sáb 9h–19h · Dom 9h–14h', '(11) 4002-1266', 'B7'),
  ('box-mezanino-m-58', 'Box M-58', 'M-58', 'mezanino', 'lazer', 'ala-verde', '{"points":[[415,380],[435,380],[435,408],[415,408]]}', '{"x":425,"y":394}', 'Brinquedos, games e artigos de lazer.', 'Seg–Sáb 9h–19h · Dom 9h–14h', '(11) 4002-1267', 'B8'),
  ('box-mezanino-m-59', 'Box M-59', 'M-59', 'mezanino', 'beleza', 'ala-verde', '{"points":[[440,380],[460,380],[460,408],[440,408]]}', '{"x":450,"y":394}', 'Cosméticos, perfumaria e cuidados pessoais.', 'Seg–Sáb 9h–19h · Dom 9h–14h', '(11) 4002-1268', 'B9'),
  ('box-mezanino-m-60', 'Box M-60', 'M-60', 'mezanino', 'eletronicos', 'ala-verde', '{"points":[[465,380],[485,380],[485,408],[465,408]]}', '{"x":475,"y":394}', 'Celulares, acessórios e eletrônicos em geral.', 'Seg–Sáb 9h–19h · Dom 9h–14h', '(11) 4002-1269', 'B0'),
  ('box-mezanino-m-61', 'Box M-61', 'M-61', 'mezanino', 'alimentacao', 'ala-verde', '{"points":[[240,420],[260,420],[260,448],[240,448]]}', '{"x":250,"y":434}', 'Lanches, doces e bebidas.', 'Seg–Sáb 9h–19h · Dom 9h–14h', '(11) 4002-1270', 'B1'),
  ('box-mezanino-m-62', 'Box M-62', 'M-62', 'mezanino', 'casa', 'ala-verde', '{"points":[[265,420],[285,420],[285,448],[265,448]]}', '{"x":275,"y":434}', 'Utilidades domésticas e artigos para casa.', 'Seg–Sáb 9h–19h · Dom 9h–14h', '(11) 4002-1271', 'B2'),
  ('box-mezanino-m-63', 'Box M-63', 'M-63', 'mezanino', 'servicos', 'ala-verde', '{"points":[[290,420],[310,420],[310,448],[290,448]]}', '{"x":300,"y":434}', 'Serviços rápidos e atendimento ao cliente.', 'Seg–Sáb 9h–19h · Dom 9h–14h', '(11) 4002-1272', 'B3'),
  ('box-mezanino-m-64', 'Box M-64', 'M-64', 'mezanino', 'moda', 'ala-verde', '{"points":[[315,420],[335,420],[335,448],[315,448]]}', '{"x":325,"y":434}', 'Roupas, calçados e acessórios com preço de shopping popular.', 'Seg–Sáb 9h–19h · Dom 9h–14h', '(11) 4002-1273', 'B4'),
  ('box-mezanino-m-65', 'Box M-65', 'M-65', 'mezanino', 'lazer', 'ala-verde', '{"points":[[340,420],[360,420],[360,448],[340,448]]}', '{"x":350,"y":434}', 'Brinquedos, games e artigos de lazer.', 'Seg–Sáb 9h–19h · Dom 9h–14h', '(11) 4002-1274', 'B5'),
  ('box-mezanino-m-66', 'Box M-66', 'M-66', 'mezanino', 'beleza', 'ala-verde', '{"points":[[365,420],[385,420],[385,448],[365,448]]}', '{"x":375,"y":434}', 'Cosméticos, perfumaria e cuidados pessoais.', 'Seg–Sáb 9h–19h · Dom 9h–14h', '(11) 4002-1275', 'B6'),
  ('box-mezanino-m-67', 'Box M-67', 'M-67', 'mezanino', 'eletronicos', 'ala-verde', '{"points":[[390,420],[410,420],[410,448],[390,448]]}', '{"x":400,"y":434}', 'Celulares, acessórios e eletrônicos em geral.', 'Seg–Sáb 9h–19h · Dom 9h–14h', '(11) 4002-1276', 'B7'),
  ('box-mezanino-m-68', 'Box M-68', 'M-68', 'mezanino', 'alimentacao', 'ala-verde', '{"points":[[415,420],[435,420],[435,448],[415,448]]}', '{"x":425,"y":434}', 'Lanches, doces e bebidas.', 'Seg–Sáb 9h–19h · Dom 9h–14h', '(11) 4002-1277', 'B8'),
  ('box-mezanino-m-69', 'Box M-69', 'M-69', 'mezanino', 'casa', 'ala-verde', '{"points":[[440,420],[460,420],[460,448],[440,448]]}', '{"x":450,"y":434}', 'Utilidades domésticas e artigos para casa.', 'Seg–Sáb 9h–19h · Dom 9h–14h', '(11) 4002-1278', 'B9'),
  ('box-mezanino-m-70', 'Box M-70', 'M-70', 'mezanino', 'servicos', 'ala-verde', '{"points":[[465,420],[485,420],[485,448],[465,448]]}', '{"x":475,"y":434}', 'Serviços rápidos e atendimento ao cliente.', 'Seg–Sáb 9h–19h · Dom 9h–14h', '(11) 4002-1279', 'B0'),
  ('box-mezanino-m-71', 'Box M-71', 'M-71', 'mezanino', 'casa', 'ala-verde', '{"points":[[265,460],[285,460],[285,488],[265,488]]}', '{"x":275,"y":474}', 'Utilidades domésticas e artigos para casa.', 'Seg–Sáb 9h–19h · Dom 9h–14h', '(11) 4002-1280', 'B1'),
  ('box-mezanino-m-72', 'Box M-72', 'M-72', 'mezanino', 'servicos', 'ala-verde', '{"points":[[290,460],[310,460],[310,488],[290,488]]}', '{"x":300,"y":474}', 'Serviços rápidos e atendimento ao cliente.', 'Seg–Sáb 9h–19h · Dom 9h–14h', '(11) 4002-1281', 'B2'),
  ('box-mezanino-m-73', 'Box M-73', 'M-73', 'mezanino', 'moda', 'ala-verde', '{"points":[[315,460],[335,460],[335,488],[315,488]]}', '{"x":325,"y":474}', 'Roupas, calçados e acessórios com preço de shopping popular.', 'Seg–Sáb 9h–19h · Dom 9h–14h', '(11) 4002-1282', 'B3'),
  ('box-mezanino-m-74', 'Box M-74', 'M-74', 'mezanino', 'lazer', 'ala-verde', '{"points":[[340,460],[360,460],[360,488],[340,488]]}', '{"x":350,"y":474}', 'Brinquedos, games e artigos de lazer.', 'Seg–Sáb 9h–19h · Dom 9h–14h', '(11) 4002-1283', 'B4'),
  ('box-mezanino-m-75', 'Box M-75', 'M-75', 'mezanino', 'beleza', 'ala-verde', '{"points":[[365,460],[385,460],[385,488],[365,488]]}', '{"x":375,"y":474}', 'Cosméticos, perfumaria e cuidados pessoais.', 'Seg–Sáb 9h–19h · Dom 9h–14h', '(11) 4002-1284', 'B5'),
  ('box-mezanino-m-76', 'Box M-76', 'M-76', 'mezanino', 'eletronicos', 'ala-verde', '{"points":[[390,460],[410,460],[410,488],[390,488]]}', '{"x":400,"y":474}', 'Celulares, acessórios e eletrônicos em geral.', 'Seg–Sáb 9h–19h · Dom 9h–14h', '(11) 4002-1285', 'B6'),
  ('box-mezanino-m-77', 'Box M-77', 'M-77', 'mezanino', 'alimentacao', 'ala-verde', '{"points":[[415,460],[435,460],[435,488],[415,488]]}', '{"x":425,"y":474}', 'Lanches, doces e bebidas.', 'Seg–Sáb 9h–19h · Dom 9h–14h', '(11) 4002-1286', 'B7'),
  ('box-mezanino-m-78', 'Box M-78', 'M-78', 'mezanino', 'casa', 'ala-verde', '{"points":[[440,460],[460,460],[460,488],[440,488]]}', '{"x":450,"y":474}', 'Utilidades domésticas e artigos para casa.', 'Seg–Sáb 9h–19h · Dom 9h–14h', '(11) 4002-1287', 'B8'),
  ('box-mezanino-m-79', 'Box M-79', 'M-79', 'mezanino', 'servicos', 'ala-verde', '{"points":[[465,460],[485,460],[485,488],[465,488]]}', '{"x":475,"y":474}', 'Serviços rápidos e atendimento ao cliente.', 'Seg–Sáb 9h–19h · Dom 9h–14h', '(11) 4002-1288', 'B9'),
  ('box-mezanino-m-80', 'Box M-80', 'M-80', 'mezanino', 'eletronicos', 'ala-verde', '{"points":[[290,500],[310,500],[310,528],[290,528]]}', '{"x":300,"y":514}', 'Celulares, acessórios e eletrônicos em geral.', 'Seg–Sáb 9h–19h · Dom 9h–14h', '(11) 4002-1289', 'B0'),
  ('box-mezanino-m-81', 'Box M-81', 'M-81', 'mezanino', 'alimentacao', 'ala-verde', '{"points":[[315,500],[335,500],[335,528],[315,528]]}', '{"x":325,"y":514}', 'Lanches, doces e bebidas.', 'Seg–Sáb 9h–19h · Dom 9h–14h', '(11) 4002-1290', 'B1'),
  ('box-mezanino-m-82', 'Box M-82', 'M-82', 'mezanino', 'casa', 'ala-verde', '{"points":[[340,500],[360,500],[360,528],[340,528]]}', '{"x":350,"y":514}', 'Utilidades domésticas e artigos para casa.', 'Seg–Sáb 9h–19h · Dom 9h–14h', '(11) 4002-1291', 'B2'),
  ('box-mezanino-m-83', 'Box M-83', 'M-83', 'mezanino', 'servicos', 'ala-verde', '{"points":[[365,500],[385,500],[385,528],[365,528]]}', '{"x":375,"y":514}', 'Serviços rápidos e atendimento ao cliente.', 'Seg–Sáb 9h–19h · Dom 9h–14h', '(11) 4002-1292', 'B3'),
  ('box-mezanino-m-84', 'Box M-84', 'M-84', 'mezanino', 'moda', 'ala-verde', '{"points":[[390,500],[410,500],[410,528],[390,528]]}', '{"x":400,"y":514}', 'Roupas, calçados e acessórios com preço de shopping popular.', 'Seg–Sáb 9h–19h · Dom 9h–14h', '(11) 4002-1293', 'B4'),
  ('box-mezanino-m-85', 'Box M-85', 'M-85', 'mezanino', 'lazer', 'ala-verde', '{"points":[[415,500],[435,500],[435,528],[415,528]]}', '{"x":425,"y":514}', 'Brinquedos, games e artigos de lazer.', 'Seg–Sáb 9h–19h · Dom 9h–14h', '(11) 4002-1294', 'B5'),
  ('box-mezanino-m-86', 'Box M-86', 'M-86', 'mezanino', 'beleza', 'ala-verde', '{"points":[[440,500],[460,500],[460,528],[440,528]]}', '{"x":450,"y":514}', 'Cosméticos, perfumaria e cuidados pessoais.', 'Seg–Sáb 9h–19h · Dom 9h–14h', '(11) 4002-1295', 'B6'),
  ('box-mezanino-m-87', 'Box M-87', 'M-87', 'mezanino', 'eletronicos', 'ala-verde', '{"points":[[465,500],[485,500],[485,528],[465,528]]}', '{"x":475,"y":514}', 'Celulares, acessórios e eletrônicos em geral.', 'Seg–Sáb 9h–19h · Dom 9h–14h', '(11) 4002-1296', 'B7'),
  ('box-mezanino-m-200', 'Box M-200', 'M-200', 'mezanino', 'lazer', 'ala-laranja', '{"points":[[525,180],[545,180],[545,208],[525,208]]}', '{"x":535,"y":194}', 'Brinquedos, games e artigos de lazer.', 'Seg–Sáb 9h–19h · Dom 9h–14h', '(11) 4002-1297', 'B0'),
  ('box-mezanino-m-201', 'Box M-201', 'M-201', 'mezanino', 'beleza', 'ala-laranja', '{"points":[[550,180],[570,180],[570,208],[550,208]]}', '{"x":560,"y":194}', 'Cosméticos, perfumaria e cuidados pessoais.', 'Seg–Sáb 9h–19h · Dom 9h–14h', '(11) 4002-1298', 'B1'),
  ('box-mezanino-m-202', 'Box M-202', 'M-202', 'mezanino', 'eletronicos', 'ala-laranja', '{"points":[[575,180],[595,180],[595,208],[575,208]]}', '{"x":585,"y":194}', 'Celulares, acessórios e eletrônicos em geral.', 'Seg–Sáb 9h–19h · Dom 9h–14h', '(11) 4002-1299', 'B2');

insert into public.stores (id, name, number, floor_id, category_id, zone_id, polygon, label_pos, description, hours, phone, logo_initials) values
  ('box-mezanino-m-203', 'Box M-203', 'M-203', 'mezanino', 'alimentacao', 'ala-laranja', '{"points":[[600,180],[620,180],[620,208],[600,208]]}', '{"x":610,"y":194}', 'Lanches, doces e bebidas.', 'Seg–Sáb 9h–19h · Dom 9h–14h', '(11) 4002-1300', 'B3'),
  ('box-mezanino-m-204', 'Box M-204', 'M-204', 'mezanino', 'casa', 'ala-laranja', '{"points":[[625,180],[645,180],[645,208],[625,208]]}', '{"x":635,"y":194}', 'Utilidades domésticas e artigos para casa.', 'Seg–Sáb 9h–19h · Dom 9h–14h', '(11) 4002-1301', 'B4'),
  ('box-mezanino-m-205', 'Box M-205', 'M-205', 'mezanino', 'servicos', 'ala-laranja', '{"points":[[650,180],[670,180],[670,208],[650,208]]}', '{"x":660,"y":194}', 'Serviços rápidos e atendimento ao cliente.', 'Seg–Sáb 9h–19h · Dom 9h–14h', '(11) 4002-1302', 'B5'),
  ('box-mezanino-m-206', 'Box M-206', 'M-206', 'mezanino', 'moda', 'ala-laranja', '{"points":[[675,180],[695,180],[695,208],[675,208]]}', '{"x":685,"y":194}', 'Roupas, calçados e acessórios com preço de shopping popular.', 'Seg–Sáb 9h–19h · Dom 9h–14h', '(11) 4002-1303', 'B6'),
  ('box-mezanino-m-207', 'Box M-207', 'M-207', 'mezanino', 'lazer', 'ala-laranja', '{"points":[[700,180],[720,180],[720,208],[700,208]]}', '{"x":710,"y":194}', 'Brinquedos, games e artigos de lazer.', 'Seg–Sáb 9h–19h · Dom 9h–14h', '(11) 4002-1304', 'B7'),
  ('box-mezanino-m-208', 'Box M-208', 'M-208', 'mezanino', 'beleza', 'ala-laranja', '{"points":[[725,180],[745,180],[745,208],[725,208]]}', '{"x":735,"y":194}', 'Cosméticos, perfumaria e cuidados pessoais.', 'Seg–Sáb 9h–19h · Dom 9h–14h', '(11) 4002-1305', 'B8'),
  ('box-mezanino-m-209', 'Box M-209', 'M-209', 'mezanino', 'eletronicos', 'ala-laranja', '{"points":[[750,180],[770,180],[770,208],[750,208]]}', '{"x":760,"y":194}', 'Celulares, acessórios e eletrônicos em geral.', 'Seg–Sáb 9h–19h · Dom 9h–14h', '(11) 4002-1306', 'B9'),
  ('box-mezanino-m-210', 'Box M-210', 'M-210', 'mezanino', 'alimentacao', 'ala-laranja', '{"points":[[775,180],[795,180],[795,208],[775,208]]}', '{"x":785,"y":194}', 'Lanches, doces e bebidas.', 'Seg–Sáb 9h–19h · Dom 9h–14h', '(11) 4002-1307', 'B0'),
  ('box-mezanino-m-211', 'Box M-211', 'M-211', 'mezanino', 'moda', 'ala-laranja', '{"points":[[525,220],[545,220],[545,248],[525,248]]}', '{"x":535,"y":234}', 'Roupas, calçados e acessórios com preço de shopping popular.', 'Seg–Sáb 9h–19h · Dom 9h–14h', '(11) 4002-1308', 'B1'),
  ('box-mezanino-m-212', 'Box M-212', 'M-212', 'mezanino', 'lazer', 'ala-laranja', '{"points":[[550,220],[570,220],[570,248],[550,248]]}', '{"x":560,"y":234}', 'Brinquedos, games e artigos de lazer.', 'Seg–Sáb 9h–19h · Dom 9h–14h', '(11) 4002-1309', 'B2'),
  ('box-mezanino-m-213', 'Box M-213', 'M-213', 'mezanino', 'beleza', 'ala-laranja', '{"points":[[575,220],[595,220],[595,248],[575,248]]}', '{"x":585,"y":234}', 'Cosméticos, perfumaria e cuidados pessoais.', 'Seg–Sáb 9h–19h · Dom 9h–14h', '(11) 4002-1310', 'B3'),
  ('box-mezanino-m-214', 'Box M-214', 'M-214', 'mezanino', 'eletronicos', 'ala-laranja', '{"points":[[600,220],[620,220],[620,248],[600,248]]}', '{"x":610,"y":234}', 'Celulares, acessórios e eletrônicos em geral.', 'Seg–Sáb 9h–19h · Dom 9h–14h', '(11) 4002-1311', 'B4'),
  ('box-mezanino-m-215', 'Box M-215', 'M-215', 'mezanino', 'alimentacao', 'ala-laranja', '{"points":[[625,220],[645,220],[645,248],[625,248]]}', '{"x":635,"y":234}', 'Lanches, doces e bebidas.', 'Seg–Sáb 9h–19h · Dom 9h–14h', '(11) 4002-1312', 'B5'),
  ('box-mezanino-m-216', 'Box M-216', 'M-216', 'mezanino', 'casa', 'ala-laranja', '{"points":[[650,220],[670,220],[670,248],[650,248]]}', '{"x":660,"y":234}', 'Utilidades domésticas e artigos para casa.', 'Seg–Sáb 9h–19h · Dom 9h–14h', '(11) 4002-1313', 'B6'),
  ('box-mezanino-m-217', 'Box M-217', 'M-217', 'mezanino', 'servicos', 'ala-laranja', '{"points":[[675,220],[695,220],[695,248],[675,248]]}', '{"x":685,"y":234}', 'Serviços rápidos e atendimento ao cliente.', 'Seg–Sáb 9h–19h · Dom 9h–14h', '(11) 4002-1314', 'B7'),
  ('box-mezanino-m-218', 'Box M-218', 'M-218', 'mezanino', 'moda', 'ala-laranja', '{"points":[[700,220],[720,220],[720,248],[700,248]]}', '{"x":710,"y":234}', 'Roupas, calçados e acessórios com preço de shopping popular.', 'Seg–Sáb 9h–19h · Dom 9h–14h', '(11) 4002-1315', 'B8'),
  ('box-mezanino-m-219', 'Box M-219', 'M-219', 'mezanino', 'lazer', 'ala-laranja', '{"points":[[725,220],[745,220],[745,248],[725,248]]}', '{"x":735,"y":234}', 'Brinquedos, games e artigos de lazer.', 'Seg–Sáb 9h–19h · Dom 9h–14h', '(11) 4002-1316', 'B9'),
  ('box-mezanino-m-220', 'Box M-220', 'M-220', 'mezanino', 'beleza', 'ala-laranja', '{"points":[[750,220],[770,220],[770,248],[750,248]]}', '{"x":760,"y":234}', 'Cosméticos, perfumaria e cuidados pessoais.', 'Seg–Sáb 9h–19h · Dom 9h–14h', '(11) 4002-1317', 'B0'),
  ('box-mezanino-m-221', 'Box M-221', 'M-221', 'mezanino', 'eletronicos', 'ala-laranja', '{"points":[[775,220],[795,220],[795,248],[775,248]]}', '{"x":785,"y":234}', 'Celulares, acessórios e eletrônicos em geral.', 'Seg–Sáb 9h–19h · Dom 9h–14h', '(11) 4002-1318', 'B1'),
  ('box-mezanino-m-222', 'Box M-222', 'M-222', 'mezanino', 'servicos', 'ala-laranja', '{"points":[[525,260],[545,260],[545,288],[525,288]]}', '{"x":535,"y":274}', 'Serviços rápidos e atendimento ao cliente.', 'Seg–Sáb 9h–19h · Dom 9h–14h', '(11) 4002-1319', 'B2'),
  ('box-mezanino-m-223', 'Box M-223', 'M-223', 'mezanino', 'moda', 'ala-laranja', '{"points":[[550,260],[570,260],[570,288],[550,288]]}', '{"x":560,"y":274}', 'Roupas, calçados e acessórios com preço de shopping popular.', 'Seg–Sáb 9h–19h · Dom 9h–14h', '(11) 4002-1320', 'B3'),
  ('box-mezanino-m-224', 'Box M-224', 'M-224', 'mezanino', 'lazer', 'ala-laranja', '{"points":[[575,260],[595,260],[595,288],[575,288]]}', '{"x":585,"y":274}', 'Brinquedos, games e artigos de lazer.', 'Seg–Sáb 9h–19h · Dom 9h–14h', '(11) 4002-1321', 'B4'),
  ('box-mezanino-m-225', 'Box M-225', 'M-225', 'mezanino', 'beleza', 'ala-laranja', '{"points":[[600,260],[620,260],[620,288],[600,288]]}', '{"x":610,"y":274}', 'Cosméticos, perfumaria e cuidados pessoais.', 'Seg–Sáb 9h–19h · Dom 9h–14h', '(11) 4002-1322', 'B5'),
  ('box-mezanino-m-226', 'Box M-226', 'M-226', 'mezanino', 'eletronicos', 'ala-laranja', '{"points":[[625,260],[645,260],[645,288],[625,288]]}', '{"x":635,"y":274}', 'Celulares, acessórios e eletrônicos em geral.', 'Seg–Sáb 9h–19h · Dom 9h–14h', '(11) 4002-1323', 'B6'),
  ('box-mezanino-m-227', 'Box M-227', 'M-227', 'mezanino', 'alimentacao', 'ala-laranja', '{"points":[[650,260],[670,260],[670,288],[650,288]]}', '{"x":660,"y":274}', 'Lanches, doces e bebidas.', 'Seg–Sáb 9h–19h · Dom 9h–14h', '(11) 4002-1324', 'B7'),
  ('box-mezanino-m-228', 'Box M-228', 'M-228', 'mezanino', 'casa', 'ala-laranja', '{"points":[[675,260],[695,260],[695,288],[675,288]]}', '{"x":685,"y":274}', 'Utilidades domésticas e artigos para casa.', 'Seg–Sáb 9h–19h · Dom 9h–14h', '(11) 4002-1325', 'B8'),
  ('box-mezanino-m-229', 'Box M-229', 'M-229', 'mezanino', 'servicos', 'ala-laranja', '{"points":[[700,260],[720,260],[720,288],[700,288]]}', '{"x":710,"y":274}', 'Serviços rápidos e atendimento ao cliente.', 'Seg–Sáb 9h–19h · Dom 9h–14h', '(11) 4002-1326', 'B9'),
  ('box-mezanino-m-230', 'Box M-230', 'M-230', 'mezanino', 'moda', 'ala-laranja', '{"points":[[725,260],[745,260],[745,288],[725,288]]}', '{"x":735,"y":274}', 'Roupas, calçados e acessórios com preço de shopping popular.', 'Seg–Sáb 9h–19h · Dom 9h–14h', '(11) 4002-1327', 'B0'),
  ('box-mezanino-m-231', 'Box M-231', 'M-231', 'mezanino', 'lazer', 'ala-laranja', '{"points":[[750,260],[770,260],[770,288],[750,288]]}', '{"x":760,"y":274}', 'Brinquedos, games e artigos de lazer.', 'Seg–Sáb 9h–19h · Dom 9h–14h', '(11) 4002-1328', 'B1'),
  ('box-mezanino-m-232', 'Box M-232', 'M-232', 'mezanino', 'beleza', 'ala-laranja', '{"points":[[775,260],[795,260],[795,288],[775,288]]}', '{"x":785,"y":274}', 'Cosméticos, perfumaria e cuidados pessoais.', 'Seg–Sáb 9h–19h · Dom 9h–14h', '(11) 4002-1329', 'B2'),
  ('box-mezanino-m-233', 'Box M-233', 'M-233', 'mezanino', 'casa', 'ala-laranja', '{"points":[[525,300],[545,300],[545,328],[525,328]]}', '{"x":535,"y":314}', 'Utilidades domésticas e artigos para casa.', 'Seg–Sáb 9h–19h · Dom 9h–14h', '(11) 4002-1330', 'B3'),
  ('box-mezanino-m-234', 'Box M-234', 'M-234', 'mezanino', 'servicos', 'ala-laranja', '{"points":[[550,300],[570,300],[570,328],[550,328]]}', '{"x":560,"y":314}', 'Serviços rápidos e atendimento ao cliente.', 'Seg–Sáb 9h–19h · Dom 9h–14h', '(11) 4002-1331', 'B4'),
  ('box-mezanino-m-235', 'Box M-235', 'M-235', 'mezanino', 'moda', 'ala-laranja', '{"points":[[575,300],[595,300],[595,328],[575,328]]}', '{"x":585,"y":314}', 'Roupas, calçados e acessórios com preço de shopping popular.', 'Seg–Sáb 9h–19h · Dom 9h–14h', '(11) 4002-1332', 'B5'),
  ('box-mezanino-m-236', 'Box M-236', 'M-236', 'mezanino', 'lazer', 'ala-laranja', '{"points":[[600,300],[620,300],[620,328],[600,328]]}', '{"x":610,"y":314}', 'Brinquedos, games e artigos de lazer.', 'Seg–Sáb 9h–19h · Dom 9h–14h', '(11) 4002-1333', 'B6'),
  ('box-mezanino-m-237', 'Box M-237', 'M-237', 'mezanino', 'beleza', 'ala-laranja', '{"points":[[625,300],[645,300],[645,328],[625,328]]}', '{"x":635,"y":314}', 'Cosméticos, perfumaria e cuidados pessoais.', 'Seg–Sáb 9h–19h · Dom 9h–14h', '(11) 4002-1334', 'B7'),
  ('box-mezanino-m-238', 'Box M-238', 'M-238', 'mezanino', 'eletronicos', 'ala-laranja', '{"points":[[650,300],[670,300],[670,328],[650,328]]}', '{"x":660,"y":314}', 'Celulares, acessórios e eletrônicos em geral.', 'Seg–Sáb 9h–19h · Dom 9h–14h', '(11) 4002-1335', 'B8'),
  ('box-mezanino-m-239', 'Box M-239', 'M-239', 'mezanino', 'alimentacao', 'ala-laranja', '{"points":[[675,300],[695,300],[695,328],[675,328]]}', '{"x":685,"y":314}', 'Lanches, doces e bebidas.', 'Seg–Sáb 9h–19h · Dom 9h–14h', '(11) 4002-1336', 'B9'),
  ('box-mezanino-m-240', 'Box M-240', 'M-240', 'mezanino', 'casa', 'ala-laranja', '{"points":[[700,300],[720,300],[720,328],[700,328]]}', '{"x":710,"y":314}', 'Utilidades domésticas e artigos para casa.', 'Seg–Sáb 9h–19h · Dom 9h–14h', '(11) 4002-1337', 'B0'),
  ('box-mezanino-m-241', 'Box M-241', 'M-241', 'mezanino', 'servicos', 'ala-laranja', '{"points":[[725,300],[745,300],[745,328],[725,328]]}', '{"x":735,"y":314}', 'Serviços rápidos e atendimento ao cliente.', 'Seg–Sáb 9h–19h · Dom 9h–14h', '(11) 4002-1338', 'B1'),
  ('box-mezanino-m-242', 'Box M-242', 'M-242', 'mezanino', 'moda', 'ala-laranja', '{"points":[[750,300],[770,300],[770,328],[750,328]]}', '{"x":760,"y":314}', 'Roupas, calçados e acessórios com preço de shopping popular.', 'Seg–Sáb 9h–19h · Dom 9h–14h', '(11) 4002-1339', 'B2'),
  ('box-mezanino-m-243', 'Box M-243', 'M-243', 'mezanino', 'lazer', 'ala-laranja', '{"points":[[775,300],[795,300],[795,328],[775,328]]}', '{"x":785,"y":314}', 'Brinquedos, games e artigos de lazer.', 'Seg–Sáb 9h–19h · Dom 9h–14h', '(11) 4002-1340', 'B3'),
  ('box-mezanino-m-244', 'Box M-244', 'M-244', 'mezanino', 'alimentacao', 'ala-laranja', '{"points":[[525,340],[545,340],[545,368],[525,368]]}', '{"x":535,"y":354}', 'Lanches, doces e bebidas.', 'Seg–Sáb 9h–19h · Dom 9h–14h', '(11) 4002-1341', 'B4'),
  ('box-mezanino-m-245', 'Box M-245', 'M-245', 'mezanino', 'casa', 'ala-laranja', '{"points":[[550,340],[570,340],[570,368],[550,368]]}', '{"x":560,"y":354}', 'Utilidades domésticas e artigos para casa.', 'Seg–Sáb 9h–19h · Dom 9h–14h', '(11) 4002-1342', 'B5'),
  ('box-mezanino-m-246', 'Box M-246', 'M-246', 'mezanino', 'servicos', 'ala-laranja', '{"points":[[575,340],[595,340],[595,368],[575,368]]}', '{"x":585,"y":354}', 'Serviços rápidos e atendimento ao cliente.', 'Seg–Sáb 9h–19h · Dom 9h–14h', '(11) 4002-1343', 'B6'),
  ('box-mezanino-m-247', 'Box M-247', 'M-247', 'mezanino', 'moda', 'ala-laranja', '{"points":[[600,340],[620,340],[620,368],[600,368]]}', '{"x":610,"y":354}', 'Roupas, calçados e acessórios com preço de shopping popular.', 'Seg–Sáb 9h–19h · Dom 9h–14h', '(11) 4002-1344', 'B7'),
  ('box-mezanino-m-248', 'Box M-248', 'M-248', 'mezanino', 'lazer', 'ala-laranja', '{"points":[[625,340],[645,340],[645,368],[625,368]]}', '{"x":635,"y":354}', 'Brinquedos, games e artigos de lazer.', 'Seg–Sáb 9h–19h · Dom 9h–14h', '(11) 4002-1345', 'B8'),
  ('box-mezanino-m-249', 'Box M-249', 'M-249', 'mezanino', 'beleza', 'ala-laranja', '{"points":[[650,340],[670,340],[670,368],[650,368]]}', '{"x":660,"y":354}', 'Cosméticos, perfumaria e cuidados pessoais.', 'Seg–Sáb 9h–19h · Dom 9h–14h', '(11) 4002-1346', 'B9'),
  ('box-mezanino-m-250', 'Box M-250', 'M-250', 'mezanino', 'eletronicos', 'ala-laranja', '{"points":[[675,340],[695,340],[695,368],[675,368]]}', '{"x":685,"y":354}', 'Celulares, acessórios e eletrônicos em geral.', 'Seg–Sáb 9h–19h · Dom 9h–14h', '(11) 4002-1347', 'B0'),
  ('box-mezanino-m-251', 'Box M-251', 'M-251', 'mezanino', 'alimentacao', 'ala-laranja', '{"points":[[700,340],[720,340],[720,368],[700,368]]}', '{"x":710,"y":354}', 'Lanches, doces e bebidas.', 'Seg–Sáb 9h–19h · Dom 9h–14h', '(11) 4002-1348', 'B1'),
  ('box-mezanino-m-252', 'Box M-252', 'M-252', 'mezanino', 'casa', 'ala-laranja', '{"points":[[725,340],[745,340],[745,368],[725,368]]}', '{"x":735,"y":354}', 'Utilidades domésticas e artigos para casa.', 'Seg–Sáb 9h–19h · Dom 9h–14h', '(11) 4002-1349', 'B2');

insert into public.stores (id, name, number, floor_id, category_id, zone_id, polygon, label_pos, description, hours, phone, logo_initials) values
  ('box-mezanino-m-253', 'Box M-253', 'M-253', 'mezanino', 'servicos', 'ala-laranja', '{"points":[[750,340],[770,340],[770,368],[750,368]]}', '{"x":760,"y":354}', 'Serviços rápidos e atendimento ao cliente.', 'Seg–Sáb 9h–19h · Dom 9h–14h', '(11) 4002-1350', 'B3'),
  ('box-mezanino-m-254', 'Box M-254', 'M-254', 'mezanino', 'moda', 'ala-laranja', '{"points":[[775,340],[795,340],[795,368],[775,368]]}', '{"x":785,"y":354}', 'Roupas, calçados e acessórios com preço de shopping popular.', 'Seg–Sáb 9h–19h · Dom 9h–14h', '(11) 4002-1351', 'B4'),
  ('box-mezanino-m-255', 'Box M-255', 'M-255', 'mezanino', 'eletronicos', 'ala-laranja', '{"points":[[525,380],[545,380],[545,408],[525,408]]}', '{"x":535,"y":394}', 'Celulares, acessórios e eletrônicos em geral.', 'Seg–Sáb 9h–19h · Dom 9h–14h', '(11) 4002-1352', 'B5'),
  ('box-mezanino-m-256', 'Box M-256', 'M-256', 'mezanino', 'alimentacao', 'ala-laranja', '{"points":[[550,380],[570,380],[570,408],[550,408]]}', '{"x":560,"y":394}', 'Lanches, doces e bebidas.', 'Seg–Sáb 9h–19h · Dom 9h–14h', '(11) 4002-1353', 'B6'),
  ('box-mezanino-m-257', 'Box M-257', 'M-257', 'mezanino', 'casa', 'ala-laranja', '{"points":[[575,380],[595,380],[595,408],[575,408]]}', '{"x":585,"y":394}', 'Utilidades domésticas e artigos para casa.', 'Seg–Sáb 9h–19h · Dom 9h–14h', '(11) 4002-1354', 'B7'),
  ('box-mezanino-m-258', 'Box M-258', 'M-258', 'mezanino', 'servicos', 'ala-laranja', '{"points":[[600,380],[620,380],[620,408],[600,408]]}', '{"x":610,"y":394}', 'Serviços rápidos e atendimento ao cliente.', 'Seg–Sáb 9h–19h · Dom 9h–14h', '(11) 4002-1355', 'B8'),
  ('box-mezanino-m-259', 'Box M-259', 'M-259', 'mezanino', 'moda', 'ala-laranja', '{"points":[[625,380],[645,380],[645,408],[625,408]]}', '{"x":635,"y":394}', 'Roupas, calçados e acessórios com preço de shopping popular.', 'Seg–Sáb 9h–19h · Dom 9h–14h', '(11) 4002-1356', 'B9'),
  ('box-mezanino-m-260', 'Box M-260', 'M-260', 'mezanino', 'lazer', 'ala-laranja', '{"points":[[650,380],[670,380],[670,408],[650,408]]}', '{"x":660,"y":394}', 'Brinquedos, games e artigos de lazer.', 'Seg–Sáb 9h–19h · Dom 9h–14h', '(11) 4002-1357', 'B0'),
  ('box-mezanino-m-261', 'Box M-261', 'M-261', 'mezanino', 'beleza', 'ala-laranja', '{"points":[[675,380],[695,380],[695,408],[675,408]]}', '{"x":685,"y":394}', 'Cosméticos, perfumaria e cuidados pessoais.', 'Seg–Sáb 9h–19h · Dom 9h–14h', '(11) 4002-1358', 'B1'),
  ('box-mezanino-m-262', 'Box M-262', 'M-262', 'mezanino', 'eletronicos', 'ala-laranja', '{"points":[[700,380],[720,380],[720,408],[700,408]]}', '{"x":710,"y":394}', 'Celulares, acessórios e eletrônicos em geral.', 'Seg–Sáb 9h–19h · Dom 9h–14h', '(11) 4002-1359', 'B2'),
  ('box-mezanino-m-263', 'Box M-263', 'M-263', 'mezanino', 'alimentacao', 'ala-laranja', '{"points":[[725,380],[745,380],[745,408],[725,408]]}', '{"x":735,"y":394}', 'Lanches, doces e bebidas.', 'Seg–Sáb 9h–19h · Dom 9h–14h', '(11) 4002-1360', 'B3'),
  ('box-mezanino-m-264', 'Box M-264', 'M-264', 'mezanino', 'casa', 'ala-laranja', '{"points":[[750,380],[770,380],[770,408],[750,408]]}', '{"x":760,"y":394}', 'Utilidades domésticas e artigos para casa.', 'Seg–Sáb 9h–19h · Dom 9h–14h', '(11) 4002-1361', 'B4'),
  ('box-mezanino-m-265', 'Box M-265', 'M-265', 'mezanino', 'servicos', 'ala-laranja', '{"points":[[775,380],[795,380],[795,408],[775,408]]}', '{"x":785,"y":394}', 'Serviços rápidos e atendimento ao cliente.', 'Seg–Sáb 9h–19h · Dom 9h–14h', '(11) 4002-1362', 'B5'),
  ('box-mezanino-m-266', 'Box M-266', 'M-266', 'mezanino', 'beleza', 'ala-laranja', '{"points":[[525,420],[545,420],[545,448],[525,448]]}', '{"x":535,"y":434}', 'Cosméticos, perfumaria e cuidados pessoais.', 'Seg–Sáb 9h–19h · Dom 9h–14h', '(11) 4002-1363', 'B6'),
  ('box-mezanino-m-267', 'Box M-267', 'M-267', 'mezanino', 'eletronicos', 'ala-laranja', '{"points":[[550,420],[570,420],[570,448],[550,448]]}', '{"x":560,"y":434}', 'Celulares, acessórios e eletrônicos em geral.', 'Seg–Sáb 9h–19h · Dom 9h–14h', '(11) 4002-1364', 'B7'),
  ('box-mezanino-m-268', 'Box M-268', 'M-268', 'mezanino', 'alimentacao', 'ala-laranja', '{"points":[[575,420],[595,420],[595,448],[575,448]]}', '{"x":585,"y":434}', 'Lanches, doces e bebidas.', 'Seg–Sáb 9h–19h · Dom 9h–14h', '(11) 4002-1365', 'B8'),
  ('box-mezanino-m-269', 'Box M-269', 'M-269', 'mezanino', 'casa', 'ala-laranja', '{"points":[[600,420],[620,420],[620,448],[600,448]]}', '{"x":610,"y":434}', 'Utilidades domésticas e artigos para casa.', 'Seg–Sáb 9h–19h · Dom 9h–14h', '(11) 4002-1366', 'B9'),
  ('box-mezanino-m-270', 'Box M-270', 'M-270', 'mezanino', 'servicos', 'ala-laranja', '{"points":[[625,420],[645,420],[645,448],[625,448]]}', '{"x":635,"y":434}', 'Serviços rápidos e atendimento ao cliente.', 'Seg–Sáb 9h–19h · Dom 9h–14h', '(11) 4002-1367', 'B0'),
  ('box-mezanino-m-271', 'Box M-271', 'M-271', 'mezanino', 'moda', 'ala-laranja', '{"points":[[650,420],[670,420],[670,448],[650,448]]}', '{"x":660,"y":434}', 'Roupas, calçados e acessórios com preço de shopping popular.', 'Seg–Sáb 9h–19h · Dom 9h–14h', '(11) 4002-1368', 'B1'),
  ('box-mezanino-m-272', 'Box M-272', 'M-272', 'mezanino', 'lazer', 'ala-laranja', '{"points":[[675,420],[695,420],[695,448],[675,448]]}', '{"x":685,"y":434}', 'Brinquedos, games e artigos de lazer.', 'Seg–Sáb 9h–19h · Dom 9h–14h', '(11) 4002-1369', 'B2'),
  ('box-mezanino-m-273', 'Box M-273', 'M-273', 'mezanino', 'beleza', 'ala-laranja', '{"points":[[700,420],[720,420],[720,448],[700,448]]}', '{"x":710,"y":434}', 'Cosméticos, perfumaria e cuidados pessoais.', 'Seg–Sáb 9h–19h · Dom 9h–14h', '(11) 4002-1370', 'B3'),
  ('box-mezanino-m-274', 'Box M-274', 'M-274', 'mezanino', 'eletronicos', 'ala-laranja', '{"points":[[725,420],[745,420],[745,448],[725,448]]}', '{"x":735,"y":434}', 'Celulares, acessórios e eletrônicos em geral.', 'Seg–Sáb 9h–19h · Dom 9h–14h', '(11) 4002-1371', 'B4'),
  ('box-mezanino-m-275', 'Box M-275', 'M-275', 'mezanino', 'alimentacao', 'ala-laranja', '{"points":[[750,420],[770,420],[770,448],[750,448]]}', '{"x":760,"y":434}', 'Lanches, doces e bebidas.', 'Seg–Sáb 9h–19h · Dom 9h–14h', '(11) 4002-1372', 'B5'),
  ('box-mezanino-m-276', 'Box M-276', 'M-276', 'mezanino', 'casa', 'ala-laranja', '{"points":[[775,420],[795,420],[795,448],[775,448]]}', '{"x":785,"y":434}', 'Utilidades domésticas e artigos para casa.', 'Seg–Sáb 9h–19h · Dom 9h–14h', '(11) 4002-1373', 'B6'),
  ('box-mezanino-m-277', 'Box M-277', 'M-277', 'mezanino', 'lazer', 'ala-laranja', '{"points":[[525,460],[545,460],[545,488],[525,488]]}', '{"x":535,"y":474}', 'Brinquedos, games e artigos de lazer.', 'Seg–Sáb 9h–19h · Dom 9h–14h', '(11) 4002-1374', 'B7'),
  ('box-mezanino-m-278', 'Box M-278', 'M-278', 'mezanino', 'beleza', 'ala-laranja', '{"points":[[550,460],[570,460],[570,488],[550,488]]}', '{"x":560,"y":474}', 'Cosméticos, perfumaria e cuidados pessoais.', 'Seg–Sáb 9h–19h · Dom 9h–14h', '(11) 4002-1375', 'B8'),
  ('box-mezanino-m-279', 'Box M-279', 'M-279', 'mezanino', 'eletronicos', 'ala-laranja', '{"points":[[575,460],[595,460],[595,488],[575,488]]}', '{"x":585,"y":474}', 'Celulares, acessórios e eletrônicos em geral.', 'Seg–Sáb 9h–19h · Dom 9h–14h', '(11) 4002-1376', 'B9'),
  ('box-mezanino-m-280', 'Box M-280', 'M-280', 'mezanino', 'alimentacao', 'ala-laranja', '{"points":[[600,460],[620,460],[620,488],[600,488]]}', '{"x":610,"y":474}', 'Lanches, doces e bebidas.', 'Seg–Sáb 9h–19h · Dom 9h–14h', '(11) 4002-1377', 'B0'),
  ('box-mezanino-m-281', 'Box M-281', 'M-281', 'mezanino', 'casa', 'ala-laranja', '{"points":[[625,460],[645,460],[645,488],[625,488]]}', '{"x":635,"y":474}', 'Utilidades domésticas e artigos para casa.', 'Seg–Sáb 9h–19h · Dom 9h–14h', '(11) 4002-1378', 'B1'),
  ('box-mezanino-m-282', 'Box M-282', 'M-282', 'mezanino', 'servicos', 'ala-laranja', '{"points":[[650,460],[670,460],[670,488],[650,488]]}', '{"x":660,"y":474}', 'Serviços rápidos e atendimento ao cliente.', 'Seg–Sáb 9h–19h · Dom 9h–14h', '(11) 4002-1379', 'B2'),
  ('box-mezanino-m-283', 'Box M-283', 'M-283', 'mezanino', 'moda', 'ala-laranja', '{"points":[[675,460],[695,460],[695,488],[675,488]]}', '{"x":685,"y":474}', 'Roupas, calçados e acessórios com preço de shopping popular.', 'Seg–Sáb 9h–19h · Dom 9h–14h', '(11) 4002-1380', 'B3'),
  ('box-mezanino-m-284', 'Box M-284', 'M-284', 'mezanino', 'lazer', 'ala-laranja', '{"points":[[700,460],[720,460],[720,488],[700,488]]}', '{"x":710,"y":474}', 'Brinquedos, games e artigos de lazer.', 'Seg–Sáb 9h–19h · Dom 9h–14h', '(11) 4002-1381', 'B4'),
  ('box-mezanino-m-285', 'Box M-285', 'M-285', 'mezanino', 'beleza', 'ala-laranja', '{"points":[[725,460],[745,460],[745,488],[725,488]]}', '{"x":735,"y":474}', 'Cosméticos, perfumaria e cuidados pessoais.', 'Seg–Sáb 9h–19h · Dom 9h–14h', '(11) 4002-1382', 'B5'),
  ('box-mezanino-m-286', 'Box M-286', 'M-286', 'mezanino', 'eletronicos', 'ala-laranja', '{"points":[[750,460],[770,460],[770,488],[750,488]]}', '{"x":760,"y":474}', 'Celulares, acessórios e eletrônicos em geral.', 'Seg–Sáb 9h–19h · Dom 9h–14h', '(11) 4002-1383', 'B6'),
  ('box-mezanino-m-287', 'Box M-287', 'M-287', 'mezanino', 'alimentacao', 'ala-laranja', '{"points":[[525,500],[545,500],[545,528],[525,528]]}', '{"x":535,"y":514}', 'Lanches, doces e bebidas.', 'Seg–Sáb 9h–19h · Dom 9h–14h', '(11) 4002-1384', 'B7'),
  ('box-mezanino-m-288', 'Box M-288', 'M-288', 'mezanino', 'casa', 'ala-laranja', '{"points":[[550,500],[570,500],[570,528],[550,528]]}', '{"x":560,"y":514}', 'Utilidades domésticas e artigos para casa.', 'Seg–Sáb 9h–19h · Dom 9h–14h', '(11) 4002-1385', 'B8'),
  ('box-mezanino-m-289', 'Box M-289', 'M-289', 'mezanino', 'servicos', 'ala-laranja', '{"points":[[575,500],[595,500],[595,528],[575,528]]}', '{"x":585,"y":514}', 'Serviços rápidos e atendimento ao cliente.', 'Seg–Sáb 9h–19h · Dom 9h–14h', '(11) 4002-1386', 'B9'),
  ('box-mezanino-m-290', 'Box M-290', 'M-290', 'mezanino', 'moda', 'ala-laranja', '{"points":[[600,500],[620,500],[620,528],[600,528]]}', '{"x":610,"y":514}', 'Roupas, calçados e acessórios com preço de shopping popular.', 'Seg–Sáb 9h–19h · Dom 9h–14h', '(11) 4002-1387', 'B0'),
  ('box-mezanino-m-291', 'Box M-291', 'M-291', 'mezanino', 'lazer', 'ala-laranja', '{"points":[[625,500],[645,500],[645,528],[625,528]]}', '{"x":635,"y":514}', 'Brinquedos, games e artigos de lazer.', 'Seg–Sáb 9h–19h · Dom 9h–14h', '(11) 4002-1388', 'B1'),
  ('box-mezanino-m-292', 'Box M-292', 'M-292', 'mezanino', 'beleza', 'ala-laranja', '{"points":[[650,500],[670,500],[670,528],[650,528]]}', '{"x":660,"y":514}', 'Cosméticos, perfumaria e cuidados pessoais.', 'Seg–Sáb 9h–19h · Dom 9h–14h', '(11) 4002-1389', 'B2'),
  ('box-mezanino-m-293', 'Box M-293', 'M-293', 'mezanino', 'eletronicos', 'ala-laranja', '{"points":[[675,500],[695,500],[695,528],[675,528]]}', '{"x":685,"y":514}', 'Celulares, acessórios e eletrônicos em geral.', 'Seg–Sáb 9h–19h · Dom 9h–14h', '(11) 4002-1390', 'B3'),
  ('box-mezanino-m-294', 'Box M-294', 'M-294', 'mezanino', 'alimentacao', 'ala-laranja', '{"points":[[700,500],[720,500],[720,528],[700,528]]}', '{"x":710,"y":514}', 'Lanches, doces e bebidas.', 'Seg–Sáb 9h–19h · Dom 9h–14h', '(11) 4002-1391', 'B4'),
  ('box-mezanino-m-295', 'Box M-295', 'M-295', 'mezanino', 'casa', 'ala-laranja', '{"points":[[725,500],[745,500],[745,528],[725,528]]}', '{"x":735,"y":514}', 'Utilidades domésticas e artigos para casa.', 'Seg–Sáb 9h–19h · Dom 9h–14h', '(11) 4002-1392', 'B5'),
  ('box-subsolo-s-1', 'Box S-1', 'S-1', 'subsolo', 'moda', 'ala-roxa', '{"points":[[265,190],[285,190],[285,218],[265,218]]}', '{"x":275,"y":204}', 'Roupas, calçados e acessórios com preço de shopping popular.', 'Seg–Sáb 9h–19h · Dom 9h–14h', '(11) 4002-1393', 'B1'),
  ('box-subsolo-s-2', 'Box S-2', 'S-2', 'subsolo', 'lazer', 'ala-roxa', '{"points":[[290,190],[310,190],[310,218],[290,218]]}', '{"x":300,"y":204}', 'Brinquedos, games e artigos de lazer.', 'Seg–Sáb 9h–19h · Dom 9h–14h', '(11) 4002-1394', 'B2'),
  ('box-subsolo-s-3', 'Box S-3', 'S-3', 'subsolo', 'beleza', 'ala-roxa', '{"points":[[315,190],[335,190],[335,218],[315,218]]}', '{"x":325,"y":204}', 'Cosméticos, perfumaria e cuidados pessoais.', 'Seg–Sáb 9h–19h · Dom 9h–14h', '(11) 4002-1395', 'B3'),
  ('box-subsolo-s-4', 'Box S-4', 'S-4', 'subsolo', 'eletronicos', 'ala-roxa', '{"points":[[340,190],[360,190],[360,218],[340,218]]}', '{"x":350,"y":204}', 'Celulares, acessórios e eletrônicos em geral.', 'Seg–Sáb 9h–19h · Dom 9h–14h', '(11) 4002-1396', 'B4'),
  ('box-subsolo-s-5', 'Box S-5', 'S-5', 'subsolo', 'alimentacao', 'ala-roxa', '{"points":[[365,190],[385,190],[385,218],[365,218]]}', '{"x":375,"y":204}', 'Lanches, doces e bebidas.', 'Seg–Sáb 9h–19h · Dom 9h–14h', '(11) 4002-1397', 'B5'),
  ('box-subsolo-s-6', 'Box S-6', 'S-6', 'subsolo', 'casa', 'ala-roxa', '{"points":[[390,190],[410,190],[410,218],[390,218]]}', '{"x":400,"y":204}', 'Utilidades domésticas e artigos para casa.', 'Seg–Sáb 9h–19h · Dom 9h–14h', '(11) 4002-1398', 'B6'),
  ('box-subsolo-s-7', 'Box S-7', 'S-7', 'subsolo', 'servicos', 'ala-roxa', '{"points":[[415,190],[435,190],[435,218],[415,218]]}', '{"x":425,"y":204}', 'Serviços rápidos e atendimento ao cliente.', 'Seg–Sáb 9h–19h · Dom 9h–14h', '(11) 4002-1399', 'B7');

insert into public.stores (id, name, number, floor_id, category_id, zone_id, polygon, label_pos, description, hours, phone, logo_initials) values
  ('box-subsolo-s-8', 'Box S-8', 'S-8', 'subsolo', 'moda', 'ala-roxa', '{"points":[[440,190],[460,190],[460,218],[440,218]]}', '{"x":450,"y":204}', 'Roupas, calçados e acessórios com preço de shopping popular.', 'Seg–Sáb 9h–19h · Dom 9h–14h', '(11) 4002-1400', 'B8'),
  ('box-subsolo-s-9', 'Box S-9', 'S-9', 'subsolo', 'lazer', 'ala-roxa', '{"points":[[465,190],[485,190],[485,218],[465,218]]}', '{"x":475,"y":204}', 'Brinquedos, games e artigos de lazer.', 'Seg–Sáb 9h–19h · Dom 9h–14h', '(11) 4002-1401', 'B9'),
  ('box-subsolo-s-10', 'Box S-10', 'S-10', 'subsolo', 'moda', 'ala-roxa', '{"points":[[265,230],[285,230],[285,258],[265,258]]}', '{"x":275,"y":244}', 'Roupas, calçados e acessórios com preço de shopping popular.', 'Seg–Sáb 9h–19h · Dom 9h–14h', '(11) 4002-1402', 'B0'),
  ('box-subsolo-s-11', 'Box S-11', 'S-11', 'subsolo', 'lazer', 'ala-roxa', '{"points":[[290,230],[310,230],[310,258],[290,258]]}', '{"x":300,"y":244}', 'Brinquedos, games e artigos de lazer.', 'Seg–Sáb 9h–19h · Dom 9h–14h', '(11) 4002-1403', 'B1'),
  ('box-subsolo-s-12', 'Box S-12', 'S-12', 'subsolo', 'beleza', 'ala-roxa', '{"points":[[315,230],[335,230],[335,258],[315,258]]}', '{"x":325,"y":244}', 'Cosméticos, perfumaria e cuidados pessoais.', 'Seg–Sáb 9h–19h · Dom 9h–14h', '(11) 4002-1404', 'B2'),
  ('box-subsolo-s-13', 'Box S-13', 'S-13', 'subsolo', 'eletronicos', 'ala-roxa', '{"points":[[340,230],[360,230],[360,258],[340,258]]}', '{"x":350,"y":244}', 'Celulares, acessórios e eletrônicos em geral.', 'Seg–Sáb 9h–19h · Dom 9h–14h', '(11) 4002-1405', 'B3'),
  ('box-subsolo-s-14', 'Box S-14', 'S-14', 'subsolo', 'alimentacao', 'ala-roxa', '{"points":[[365,230],[385,230],[385,258],[365,258]]}', '{"x":375,"y":244}', 'Lanches, doces e bebidas.', 'Seg–Sáb 9h–19h · Dom 9h–14h', '(11) 4002-1406', 'B4'),
  ('box-subsolo-s-15', 'Box S-15', 'S-15', 'subsolo', 'casa', 'ala-roxa', '{"points":[[390,230],[410,230],[410,258],[390,258]]}', '{"x":400,"y":244}', 'Utilidades domésticas e artigos para casa.', 'Seg–Sáb 9h–19h · Dom 9h–14h', '(11) 4002-1407', 'B5'),
  ('box-subsolo-s-16', 'Box S-16', 'S-16', 'subsolo', 'servicos', 'ala-roxa', '{"points":[[415,230],[435,230],[435,258],[415,258]]}', '{"x":425,"y":244}', 'Serviços rápidos e atendimento ao cliente.', 'Seg–Sáb 9h–19h · Dom 9h–14h', '(11) 4002-1408', 'B6'),
  ('box-subsolo-s-17', 'Box S-17', 'S-17', 'subsolo', 'moda', 'ala-roxa', '{"points":[[440,230],[460,230],[460,258],[440,258]]}', '{"x":450,"y":244}', 'Roupas, calçados e acessórios com preço de shopping popular.', 'Seg–Sáb 9h–19h · Dom 9h–14h', '(11) 4002-1409', 'B7'),
  ('box-subsolo-s-18', 'Box S-18', 'S-18', 'subsolo', 'lazer', 'ala-roxa', '{"points":[[465,230],[485,230],[485,258],[465,258]]}', '{"x":475,"y":244}', 'Brinquedos, games e artigos de lazer.', 'Seg–Sáb 9h–19h · Dom 9h–14h', '(11) 4002-1410', 'B8'),
  ('box-subsolo-s-19', 'Box S-19', 'S-19', 'subsolo', 'moda', 'ala-roxa', '{"points":[[265,270],[285,270],[285,298],[265,298]]}', '{"x":275,"y":284}', 'Roupas, calçados e acessórios com preço de shopping popular.', 'Seg–Sáb 9h–19h · Dom 9h–14h', '(11) 4002-1411', 'B9'),
  ('box-subsolo-s-20', 'Box S-20', 'S-20', 'subsolo', 'lazer', 'ala-roxa', '{"points":[[290,270],[310,270],[310,298],[290,298]]}', '{"x":300,"y":284}', 'Brinquedos, games e artigos de lazer.', 'Seg–Sáb 9h–19h · Dom 9h–14h', '(11) 4002-1412', 'B0'),
  ('box-subsolo-s-21', 'Box S-21', 'S-21', 'subsolo', 'beleza', 'ala-roxa', '{"points":[[315,270],[335,270],[335,298],[315,298]]}', '{"x":325,"y":284}', 'Cosméticos, perfumaria e cuidados pessoais.', 'Seg–Sáb 9h–19h · Dom 9h–14h', '(11) 4002-1413', 'B1'),
  ('box-subsolo-s-22', 'Box S-22', 'S-22', 'subsolo', 'eletronicos', 'ala-roxa', '{"points":[[340,270],[360,270],[360,298],[340,298]]}', '{"x":350,"y":284}', 'Celulares, acessórios e eletrônicos em geral.', 'Seg–Sáb 9h–19h · Dom 9h–14h', '(11) 4002-1414', 'B2'),
  ('box-subsolo-s-23', 'Box S-23', 'S-23', 'subsolo', 'alimentacao', 'ala-roxa', '{"points":[[365,270],[385,270],[385,298],[365,298]]}', '{"x":375,"y":284}', 'Lanches, doces e bebidas.', 'Seg–Sáb 9h–19h · Dom 9h–14h', '(11) 4002-1415', 'B3'),
  ('box-subsolo-s-24', 'Box S-24', 'S-24', 'subsolo', 'casa', 'ala-roxa', '{"points":[[390,270],[410,270],[410,298],[390,298]]}', '{"x":400,"y":284}', 'Utilidades domésticas e artigos para casa.', 'Seg–Sáb 9h–19h · Dom 9h–14h', '(11) 4002-1416', 'B4'),
  ('box-subsolo-s-25', 'Box S-25', 'S-25', 'subsolo', 'servicos', 'ala-roxa', '{"points":[[415,270],[435,270],[435,298],[415,298]]}', '{"x":425,"y":284}', 'Serviços rápidos e atendimento ao cliente.', 'Seg–Sáb 9h–19h · Dom 9h–14h', '(11) 4002-1417', 'B5'),
  ('box-subsolo-s-26', 'Box S-26', 'S-26', 'subsolo', 'moda', 'ala-roxa', '{"points":[[440,270],[460,270],[460,298],[440,298]]}', '{"x":450,"y":284}', 'Roupas, calçados e acessórios com preço de shopping popular.', 'Seg–Sáb 9h–19h · Dom 9h–14h', '(11) 4002-1418', 'B6'),
  ('box-subsolo-s-27', 'Box S-27', 'S-27', 'subsolo', 'lazer', 'ala-roxa', '{"points":[[465,270],[485,270],[485,298],[465,298]]}', '{"x":475,"y":284}', 'Brinquedos, games e artigos de lazer.', 'Seg–Sáb 9h–19h · Dom 9h–14h', '(11) 4002-1419', 'B7'),
  ('box-subsolo-s-28', 'Box S-28', 'S-28', 'subsolo', 'moda', 'ala-roxa', '{"points":[[265,310],[285,310],[285,338],[265,338]]}', '{"x":275,"y":324}', 'Roupas, calçados e acessórios com preço de shopping popular.', 'Seg–Sáb 9h–19h · Dom 9h–14h', '(11) 4002-1420', 'B8'),
  ('box-subsolo-s-29', 'Box S-29', 'S-29', 'subsolo', 'lazer', 'ala-roxa', '{"points":[[290,310],[310,310],[310,338],[290,338]]}', '{"x":300,"y":324}', 'Brinquedos, games e artigos de lazer.', 'Seg–Sáb 9h–19h · Dom 9h–14h', '(11) 4002-1421', 'B9'),
  ('box-subsolo-s-30', 'Box S-30', 'S-30', 'subsolo', 'beleza', 'ala-roxa', '{"points":[[315,310],[335,310],[335,338],[315,338]]}', '{"x":325,"y":324}', 'Cosméticos, perfumaria e cuidados pessoais.', 'Seg–Sáb 9h–19h · Dom 9h–14h', '(11) 4002-1422', 'B0'),
  ('box-subsolo-s-31', 'Box S-31', 'S-31', 'subsolo', 'eletronicos', 'ala-roxa', '{"points":[[340,310],[360,310],[360,338],[340,338]]}', '{"x":350,"y":324}', 'Celulares, acessórios e eletrônicos em geral.', 'Seg–Sáb 9h–19h · Dom 9h–14h', '(11) 4002-1423', 'B1'),
  ('box-subsolo-s-32', 'Box S-32', 'S-32', 'subsolo', 'alimentacao', 'ala-roxa', '{"points":[[365,310],[385,310],[385,338],[365,338]]}', '{"x":375,"y":324}', 'Lanches, doces e bebidas.', 'Seg–Sáb 9h–19h · Dom 9h–14h', '(11) 4002-1424', 'B2'),
  ('box-subsolo-s-33', 'Box S-33', 'S-33', 'subsolo', 'casa', 'ala-roxa', '{"points":[[390,310],[410,310],[410,338],[390,338]]}', '{"x":400,"y":324}', 'Utilidades domésticas e artigos para casa.', 'Seg–Sáb 9h–19h · Dom 9h–14h', '(11) 4002-1425', 'B3'),
  ('box-subsolo-s-34', 'Box S-34', 'S-34', 'subsolo', 'servicos', 'ala-roxa', '{"points":[[415,310],[435,310],[435,338],[415,338]]}', '{"x":425,"y":324}', 'Serviços rápidos e atendimento ao cliente.', 'Seg–Sáb 9h–19h · Dom 9h–14h', '(11) 4002-1426', 'B4'),
  ('box-subsolo-s-35', 'Box S-35', 'S-35', 'subsolo', 'moda', 'ala-roxa', '{"points":[[440,310],[460,310],[460,338],[440,338]]}', '{"x":450,"y":324}', 'Roupas, calçados e acessórios com preço de shopping popular.', 'Seg–Sáb 9h–19h · Dom 9h–14h', '(11) 4002-1427', 'B5'),
  ('box-subsolo-s-36', 'Box S-36', 'S-36', 'subsolo', 'lazer', 'ala-roxa', '{"points":[[465,310],[485,310],[485,338],[465,338]]}', '{"x":475,"y":324}', 'Brinquedos, games e artigos de lazer.', 'Seg–Sáb 9h–19h · Dom 9h–14h', '(11) 4002-1428', 'B6'),
  ('box-subsolo-s-37', 'Box S-37', 'S-37', 'subsolo', 'moda', 'ala-roxa', '{"points":[[265,350],[285,350],[285,378],[265,378]]}', '{"x":275,"y":364}', 'Roupas, calçados e acessórios com preço de shopping popular.', 'Seg–Sáb 9h–19h · Dom 9h–14h', '(11) 4002-1429', 'B7'),
  ('box-subsolo-s-38', 'Box S-38', 'S-38', 'subsolo', 'lazer', 'ala-roxa', '{"points":[[290,350],[310,350],[310,378],[290,378]]}', '{"x":300,"y":364}', 'Brinquedos, games e artigos de lazer.', 'Seg–Sáb 9h–19h · Dom 9h–14h', '(11) 4002-1430', 'B8'),
  ('box-subsolo-s-39', 'Box S-39', 'S-39', 'subsolo', 'beleza', 'ala-roxa', '{"points":[[315,350],[335,350],[335,378],[315,378]]}', '{"x":325,"y":364}', 'Cosméticos, perfumaria e cuidados pessoais.', 'Seg–Sáb 9h–19h · Dom 9h–14h', '(11) 4002-1431', 'B9'),
  ('box-subsolo-s-40', 'Box S-40', 'S-40', 'subsolo', 'eletronicos', 'ala-roxa', '{"points":[[340,350],[360,350],[360,378],[340,378]]}', '{"x":350,"y":364}', 'Celulares, acessórios e eletrônicos em geral.', 'Seg–Sáb 9h–19h · Dom 9h–14h', '(11) 4002-1432', 'B0'),
  ('box-subsolo-s-41', 'Box S-41', 'S-41', 'subsolo', 'alimentacao', 'ala-roxa', '{"points":[[365,350],[385,350],[385,378],[365,378]]}', '{"x":375,"y":364}', 'Lanches, doces e bebidas.', 'Seg–Sáb 9h–19h · Dom 9h–14h', '(11) 4002-1433', 'B1'),
  ('box-subsolo-s-42', 'Box S-42', 'S-42', 'subsolo', 'casa', 'ala-roxa', '{"points":[[390,350],[410,350],[410,378],[390,378]]}', '{"x":400,"y":364}', 'Utilidades domésticas e artigos para casa.', 'Seg–Sáb 9h–19h · Dom 9h–14h', '(11) 4002-1434', 'B2'),
  ('box-subsolo-s-43', 'Box S-43', 'S-43', 'subsolo', 'servicos', 'ala-roxa', '{"points":[[415,350],[435,350],[435,378],[415,378]]}', '{"x":425,"y":364}', 'Serviços rápidos e atendimento ao cliente.', 'Seg–Sáb 9h–19h · Dom 9h–14h', '(11) 4002-1435', 'B3'),
  ('box-subsolo-s-44', 'Box S-44', 'S-44', 'subsolo', 'moda', 'ala-roxa', '{"points":[[440,350],[460,350],[460,378],[440,378]]}', '{"x":450,"y":364}', 'Roupas, calçados e acessórios com preço de shopping popular.', 'Seg–Sáb 9h–19h · Dom 9h–14h', '(11) 4002-1436', 'B4'),
  ('box-subsolo-s-45', 'Box S-45', 'S-45', 'subsolo', 'lazer', 'ala-roxa', '{"points":[[465,350],[485,350],[485,378],[465,378]]}', '{"x":475,"y":364}', 'Brinquedos, games e artigos de lazer.', 'Seg–Sáb 9h–19h · Dom 9h–14h', '(11) 4002-1437', 'B5'),
  ('box-subsolo-s-46', 'Box S-46', 'S-46', 'subsolo', 'moda', 'ala-roxa', '{"points":[[265,390],[285,390],[285,418],[265,418]]}', '{"x":275,"y":404}', 'Roupas, calçados e acessórios com preço de shopping popular.', 'Seg–Sáb 9h–19h · Dom 9h–14h', '(11) 4002-1438', 'B6'),
  ('box-subsolo-s-47', 'Box S-47', 'S-47', 'subsolo', 'lazer', 'ala-roxa', '{"points":[[290,390],[310,390],[310,418],[290,418]]}', '{"x":300,"y":404}', 'Brinquedos, games e artigos de lazer.', 'Seg–Sáb 9h–19h · Dom 9h–14h', '(11) 4002-1439', 'B7'),
  ('box-subsolo-s-48', 'Box S-48', 'S-48', 'subsolo', 'beleza', 'ala-roxa', '{"points":[[315,390],[335,390],[335,418],[315,418]]}', '{"x":325,"y":404}', 'Cosméticos, perfumaria e cuidados pessoais.', 'Seg–Sáb 9h–19h · Dom 9h–14h', '(11) 4002-1440', 'B8'),
  ('box-subsolo-s-49', 'Box S-49', 'S-49', 'subsolo', 'eletronicos', 'ala-roxa', '{"points":[[340,390],[360,390],[360,418],[340,418]]}', '{"x":350,"y":404}', 'Celulares, acessórios e eletrônicos em geral.', 'Seg–Sáb 9h–19h · Dom 9h–14h', '(11) 4002-1441', 'B9'),
  ('box-subsolo-s-50', 'Box S-50', 'S-50', 'subsolo', 'alimentacao', 'ala-roxa', '{"points":[[365,390],[385,390],[385,418],[365,418]]}', '{"x":375,"y":404}', 'Lanches, doces e bebidas.', 'Seg–Sáb 9h–19h · Dom 9h–14h', '(11) 4002-1442', 'B0'),
  ('box-subsolo-s-51', 'Box S-51', 'S-51', 'subsolo', 'casa', 'ala-roxa', '{"points":[[390,390],[410,390],[410,418],[390,418]]}', '{"x":400,"y":404}', 'Utilidades domésticas e artigos para casa.', 'Seg–Sáb 9h–19h · Dom 9h–14h', '(11) 4002-1443', 'B1'),
  ('box-subsolo-s-52', 'Box S-52', 'S-52', 'subsolo', 'servicos', 'ala-roxa', '{"points":[[415,390],[435,390],[435,418],[415,418]]}', '{"x":425,"y":404}', 'Serviços rápidos e atendimento ao cliente.', 'Seg–Sáb 9h–19h · Dom 9h–14h', '(11) 4002-1444', 'B2'),
  ('box-subsolo-s-53', 'Box S-53', 'S-53', 'subsolo', 'moda', 'ala-roxa', '{"points":[[440,390],[460,390],[460,418],[440,418]]}', '{"x":450,"y":404}', 'Roupas, calçados e acessórios com preço de shopping popular.', 'Seg–Sáb 9h–19h · Dom 9h–14h', '(11) 4002-1445', 'B3'),
  ('box-subsolo-s-54', 'Box S-54', 'S-54', 'subsolo', 'lazer', 'ala-roxa', '{"points":[[465,390],[485,390],[485,418],[465,418]]}', '{"x":475,"y":404}', 'Brinquedos, games e artigos de lazer.', 'Seg–Sáb 9h–19h · Dom 9h–14h', '(11) 4002-1446', 'B4'),
  ('box-subsolo-s-55', 'Box S-55', 'S-55', 'subsolo', 'moda', 'ala-roxa', '{"points":[[265,430],[285,430],[285,458],[265,458]]}', '{"x":275,"y":444}', 'Roupas, calçados e acessórios com preço de shopping popular.', 'Seg–Sáb 9h–19h · Dom 9h–14h', '(11) 4002-1447', 'B5'),
  ('box-subsolo-s-56', 'Box S-56', 'S-56', 'subsolo', 'lazer', 'ala-roxa', '{"points":[[290,430],[310,430],[310,458],[290,458]]}', '{"x":300,"y":444}', 'Brinquedos, games e artigos de lazer.', 'Seg–Sáb 9h–19h · Dom 9h–14h', '(11) 4002-1448', 'B6'),
  ('box-subsolo-s-57', 'Box S-57', 'S-57', 'subsolo', 'beleza', 'ala-roxa', '{"points":[[315,430],[335,430],[335,458],[315,458]]}', '{"x":325,"y":444}', 'Cosméticos, perfumaria e cuidados pessoais.', 'Seg–Sáb 9h–19h · Dom 9h–14h', '(11) 4002-1449', 'B7');

insert into public.stores (id, name, number, floor_id, category_id, zone_id, polygon, label_pos, description, hours, phone, logo_initials) values
  ('box-subsolo-s-58', 'Box S-58', 'S-58', 'subsolo', 'eletronicos', 'ala-roxa', '{"points":[[340,430],[360,430],[360,458],[340,458]]}', '{"x":350,"y":444}', 'Celulares, acessórios e eletrônicos em geral.', 'Seg–Sáb 9h–19h · Dom 9h–14h', '(11) 4002-1450', 'B8'),
  ('box-subsolo-s-59', 'Box S-59', 'S-59', 'subsolo', 'alimentacao', 'ala-roxa', '{"points":[[365,430],[385,430],[385,458],[365,458]]}', '{"x":375,"y":444}', 'Lanches, doces e bebidas.', 'Seg–Sáb 9h–19h · Dom 9h–14h', '(11) 4002-1451', 'B9'),
  ('box-subsolo-s-60', 'Box S-60', 'S-60', 'subsolo', 'casa', 'ala-roxa', '{"points":[[390,430],[410,430],[410,458],[390,458]]}', '{"x":400,"y":444}', 'Utilidades domésticas e artigos para casa.', 'Seg–Sáb 9h–19h · Dom 9h–14h', '(11) 4002-1452', 'B0'),
  ('box-subsolo-s-61', 'Box S-61', 'S-61', 'subsolo', 'servicos', 'ala-roxa', '{"points":[[415,430],[435,430],[435,458],[415,458]]}', '{"x":425,"y":444}', 'Serviços rápidos e atendimento ao cliente.', 'Seg–Sáb 9h–19h · Dom 9h–14h', '(11) 4002-1453', 'B1'),
  ('box-subsolo-s-62', 'Box S-62', 'S-62', 'subsolo', 'moda', 'ala-roxa', '{"points":[[440,430],[460,430],[460,458],[440,458]]}', '{"x":450,"y":444}', 'Roupas, calçados e acessórios com preço de shopping popular.', 'Seg–Sáb 9h–19h · Dom 9h–14h', '(11) 4002-1454', 'B2'),
  ('box-subsolo-s-63', 'Box S-63', 'S-63', 'subsolo', 'lazer', 'ala-roxa', '{"points":[[465,430],[485,430],[485,458],[465,458]]}', '{"x":475,"y":444}', 'Brinquedos, games e artigos de lazer.', 'Seg–Sáb 9h–19h · Dom 9h–14h', '(11) 4002-1455', 'B3'),
  ('box-subsolo-s-64', 'Box S-64', 'S-64', 'subsolo', 'casa', 'ala-roxa', '{"points":[[290,470],[310,470],[310,498],[290,498]]}', '{"x":300,"y":484}', 'Utilidades domésticas e artigos para casa.', 'Seg–Sáb 9h–19h · Dom 9h–14h', '(11) 4002-1456', 'B4'),
  ('box-subsolo-s-65', 'Box S-65', 'S-65', 'subsolo', 'servicos', 'ala-roxa', '{"points":[[315,470],[335,470],[335,498],[315,498]]}', '{"x":325,"y":484}', 'Serviços rápidos e atendimento ao cliente.', 'Seg–Sáb 9h–19h · Dom 9h–14h', '(11) 4002-1457', 'B5'),
  ('box-subsolo-s-66', 'Box S-66', 'S-66', 'subsolo', 'moda', 'ala-roxa', '{"points":[[340,470],[360,470],[360,498],[340,498]]}', '{"x":350,"y":484}', 'Roupas, calçados e acessórios com preço de shopping popular.', 'Seg–Sáb 9h–19h · Dom 9h–14h', '(11) 4002-1458', 'B6'),
  ('box-subsolo-s-67', 'Box S-67', 'S-67', 'subsolo', 'lazer', 'ala-roxa', '{"points":[[365,470],[385,470],[385,498],[365,498]]}', '{"x":375,"y":484}', 'Brinquedos, games e artigos de lazer.', 'Seg–Sáb 9h–19h · Dom 9h–14h', '(11) 4002-1459', 'B7'),
  ('box-subsolo-s-68', 'Box S-68', 'S-68', 'subsolo', 'beleza', 'ala-roxa', '{"points":[[390,470],[410,470],[410,498],[390,498]]}', '{"x":400,"y":484}', 'Cosméticos, perfumaria e cuidados pessoais.', 'Seg–Sáb 9h–19h · Dom 9h–14h', '(11) 4002-1460', 'B8'),
  ('box-subsolo-s-69', 'Box S-69', 'S-69', 'subsolo', 'eletronicos', 'ala-roxa', '{"points":[[415,470],[435,470],[435,498],[415,498]]}', '{"x":425,"y":484}', 'Celulares, acessórios e eletrônicos em geral.', 'Seg–Sáb 9h–19h · Dom 9h–14h', '(11) 4002-1461', 'B9'),
  ('box-subsolo-s-70', 'Box S-70', 'S-70', 'subsolo', 'alimentacao', 'ala-roxa', '{"points":[[440,470],[460,470],[460,498],[440,498]]}', '{"x":450,"y":484}', 'Lanches, doces e bebidas.', 'Seg–Sáb 9h–19h · Dom 9h–14h', '(11) 4002-1462', 'B0'),
  ('box-subsolo-s-71', 'Box S-71', 'S-71', 'subsolo', 'casa', 'ala-roxa', '{"points":[[465,470],[485,470],[485,498],[465,498]]}', '{"x":475,"y":484}', 'Utilidades domésticas e artigos para casa.', 'Seg–Sáb 9h–19h · Dom 9h–14h', '(11) 4002-1463', 'B1'),
  ('box-subsolo-s-200', 'Box S-200', 'S-200', 'subsolo', 'alimentacao', 'ala-ciano', '{"points":[[530,190],[550,190],[550,218],[530,218]]}', '{"x":540,"y":204}', 'Lanches, doces e bebidas.', 'Seg–Sáb 9h–19h · Dom 9h–14h', '(11) 4002-1464', 'B0'),
  ('box-subsolo-s-201', 'Box S-201', 'S-201', 'subsolo', 'casa', 'ala-ciano', '{"points":[[555,190],[575,190],[575,218],[555,218]]}', '{"x":565,"y":204}', 'Utilidades domésticas e artigos para casa.', 'Seg–Sáb 9h–19h · Dom 9h–14h', '(11) 4002-1465', 'B1'),
  ('box-subsolo-s-202', 'Box S-202', 'S-202', 'subsolo', 'servicos', 'ala-ciano', '{"points":[[580,190],[600,190],[600,218],[580,218]]}', '{"x":590,"y":204}', 'Serviços rápidos e atendimento ao cliente.', 'Seg–Sáb 9h–19h · Dom 9h–14h', '(11) 4002-1466', 'B2'),
  ('box-subsolo-s-203', 'Box S-203', 'S-203', 'subsolo', 'moda', 'ala-ciano', '{"points":[[605,190],[625,190],[625,218],[605,218]]}', '{"x":615,"y":204}', 'Roupas, calçados e acessórios com preço de shopping popular.', 'Seg–Sáb 9h–19h · Dom 9h–14h', '(11) 4002-1467', 'B3'),
  ('box-subsolo-s-204', 'Box S-204', 'S-204', 'subsolo', 'lazer', 'ala-ciano', '{"points":[[630,190],[650,190],[650,218],[630,218]]}', '{"x":640,"y":204}', 'Brinquedos, games e artigos de lazer.', 'Seg–Sáb 9h–19h · Dom 9h–14h', '(11) 4002-1468', 'B4'),
  ('box-subsolo-s-205', 'Box S-205', 'S-205', 'subsolo', 'beleza', 'ala-ciano', '{"points":[[655,190],[675,190],[675,218],[655,218]]}', '{"x":665,"y":204}', 'Cosméticos, perfumaria e cuidados pessoais.', 'Seg–Sáb 9h–19h · Dom 9h–14h', '(11) 4002-1469', 'B5'),
  ('box-subsolo-s-206', 'Box S-206', 'S-206', 'subsolo', 'eletronicos', 'ala-ciano', '{"points":[[680,190],[700,190],[700,218],[680,218]]}', '{"x":690,"y":204}', 'Celulares, acessórios e eletrônicos em geral.', 'Seg–Sáb 9h–19h · Dom 9h–14h', '(11) 4002-1470', 'B6'),
  ('box-subsolo-s-207', 'Box S-207', 'S-207', 'subsolo', 'alimentacao', 'ala-ciano', '{"points":[[705,190],[725,190],[725,218],[705,218]]}', '{"x":715,"y":204}', 'Lanches, doces e bebidas.', 'Seg–Sáb 9h–19h · Dom 9h–14h', '(11) 4002-1471', 'B7'),
  ('box-subsolo-s-208', 'Box S-208', 'S-208', 'subsolo', 'casa', 'ala-ciano', '{"points":[[730,190],[750,190],[750,218],[730,218]]}', '{"x":740,"y":204}', 'Utilidades domésticas e artigos para casa.', 'Seg–Sáb 9h–19h · Dom 9h–14h', '(11) 4002-1472', 'B8'),
  ('box-subsolo-s-209', 'Box S-209', 'S-209', 'subsolo', 'servicos', 'ala-ciano', '{"points":[[755,190],[775,190],[775,218],[755,218]]}', '{"x":765,"y":204}', 'Serviços rápidos e atendimento ao cliente.', 'Seg–Sáb 9h–19h · Dom 9h–14h', '(11) 4002-1473', 'B9'),
  ('box-subsolo-s-210', 'Box S-210', 'S-210', 'subsolo', 'moda', 'ala-ciano', '{"points":[[530,230],[550,230],[550,258],[530,258]]}', '{"x":540,"y":244}', 'Roupas, calçados e acessórios com preço de shopping popular.', 'Seg–Sáb 9h–19h · Dom 9h–14h', '(11) 4002-1474', 'B0'),
  ('box-subsolo-s-211', 'Box S-211', 'S-211', 'subsolo', 'lazer', 'ala-ciano', '{"points":[[555,230],[575,230],[575,258],[555,258]]}', '{"x":565,"y":244}', 'Brinquedos, games e artigos de lazer.', 'Seg–Sáb 9h–19h · Dom 9h–14h', '(11) 4002-1475', 'B1'),
  ('box-subsolo-s-212', 'Box S-212', 'S-212', 'subsolo', 'beleza', 'ala-ciano', '{"points":[[580,230],[600,230],[600,258],[580,258]]}', '{"x":590,"y":244}', 'Cosméticos, perfumaria e cuidados pessoais.', 'Seg–Sáb 9h–19h · Dom 9h–14h', '(11) 4002-1476', 'B2'),
  ('box-subsolo-s-213', 'Box S-213', 'S-213', 'subsolo', 'eletronicos', 'ala-ciano', '{"points":[[605,230],[625,230],[625,258],[605,258]]}', '{"x":615,"y":244}', 'Celulares, acessórios e eletrônicos em geral.', 'Seg–Sáb 9h–19h · Dom 9h–14h', '(11) 4002-1477', 'B3'),
  ('box-subsolo-s-214', 'Box S-214', 'S-214', 'subsolo', 'alimentacao', 'ala-ciano', '{"points":[[630,230],[650,230],[650,258],[630,258]]}', '{"x":640,"y":244}', 'Lanches, doces e bebidas.', 'Seg–Sáb 9h–19h · Dom 9h–14h', '(11) 4002-1478', 'B4'),
  ('box-subsolo-s-215', 'Box S-215', 'S-215', 'subsolo', 'casa', 'ala-ciano', '{"points":[[655,230],[675,230],[675,258],[655,258]]}', '{"x":665,"y":244}', 'Utilidades domésticas e artigos para casa.', 'Seg–Sáb 9h–19h · Dom 9h–14h', '(11) 4002-1479', 'B5'),
  ('box-subsolo-s-216', 'Box S-216', 'S-216', 'subsolo', 'servicos', 'ala-ciano', '{"points":[[680,230],[700,230],[700,258],[680,258]]}', '{"x":690,"y":244}', 'Serviços rápidos e atendimento ao cliente.', 'Seg–Sáb 9h–19h · Dom 9h–14h', '(11) 4002-1480', 'B6'),
  ('box-subsolo-s-217', 'Box S-217', 'S-217', 'subsolo', 'moda', 'ala-ciano', '{"points":[[705,230],[725,230],[725,258],[705,258]]}', '{"x":715,"y":244}', 'Roupas, calçados e acessórios com preço de shopping popular.', 'Seg–Sáb 9h–19h · Dom 9h–14h', '(11) 4002-1481', 'B7'),
  ('box-subsolo-s-218', 'Box S-218', 'S-218', 'subsolo', 'lazer', 'ala-ciano', '{"points":[[730,230],[750,230],[750,258],[730,258]]}', '{"x":740,"y":244}', 'Brinquedos, games e artigos de lazer.', 'Seg–Sáb 9h–19h · Dom 9h–14h', '(11) 4002-1482', 'B8'),
  ('box-subsolo-s-219', 'Box S-219', 'S-219', 'subsolo', 'beleza', 'ala-ciano', '{"points":[[755,230],[775,230],[775,258],[755,258]]}', '{"x":765,"y":244}', 'Cosméticos, perfumaria e cuidados pessoais.', 'Seg–Sáb 9h–19h · Dom 9h–14h', '(11) 4002-1483', 'B9'),
  ('box-subsolo-s-220', 'Box S-220', 'S-220', 'subsolo', 'eletronicos', 'ala-ciano', '{"points":[[530,270],[550,270],[550,298],[530,298]]}', '{"x":540,"y":284}', 'Celulares, acessórios e eletrônicos em geral.', 'Seg–Sáb 9h–19h · Dom 9h–14h', '(11) 4002-1484', 'B0'),
  ('box-subsolo-s-221', 'Box S-221', 'S-221', 'subsolo', 'alimentacao', 'ala-ciano', '{"points":[[555,270],[575,270],[575,298],[555,298]]}', '{"x":565,"y":284}', 'Lanches, doces e bebidas.', 'Seg–Sáb 9h–19h · Dom 9h–14h', '(11) 4002-1485', 'B1'),
  ('box-subsolo-s-222', 'Box S-222', 'S-222', 'subsolo', 'casa', 'ala-ciano', '{"points":[[580,270],[600,270],[600,298],[580,298]]}', '{"x":590,"y":284}', 'Utilidades domésticas e artigos para casa.', 'Seg–Sáb 9h–19h · Dom 9h–14h', '(11) 4002-1486', 'B2'),
  ('box-subsolo-s-223', 'Box S-223', 'S-223', 'subsolo', 'servicos', 'ala-ciano', '{"points":[[605,270],[625,270],[625,298],[605,298]]}', '{"x":615,"y":284}', 'Serviços rápidos e atendimento ao cliente.', 'Seg–Sáb 9h–19h · Dom 9h–14h', '(11) 4002-1487', 'B3'),
  ('box-subsolo-s-224', 'Box S-224', 'S-224', 'subsolo', 'moda', 'ala-ciano', '{"points":[[630,270],[650,270],[650,298],[630,298]]}', '{"x":640,"y":284}', 'Roupas, calçados e acessórios com preço de shopping popular.', 'Seg–Sáb 9h–19h · Dom 9h–14h', '(11) 4002-1488', 'B4'),
  ('box-subsolo-s-225', 'Box S-225', 'S-225', 'subsolo', 'lazer', 'ala-ciano', '{"points":[[655,270],[675,270],[675,298],[655,298]]}', '{"x":665,"y":284}', 'Brinquedos, games e artigos de lazer.', 'Seg–Sáb 9h–19h · Dom 9h–14h', '(11) 4002-1489', 'B5'),
  ('box-subsolo-s-226', 'Box S-226', 'S-226', 'subsolo', 'beleza', 'ala-ciano', '{"points":[[680,270],[700,270],[700,298],[680,298]]}', '{"x":690,"y":284}', 'Cosméticos, perfumaria e cuidados pessoais.', 'Seg–Sáb 9h–19h · Dom 9h–14h', '(11) 4002-1490', 'B6'),
  ('box-subsolo-s-227', 'Box S-227', 'S-227', 'subsolo', 'eletronicos', 'ala-ciano', '{"points":[[705,270],[725,270],[725,298],[705,298]]}', '{"x":715,"y":284}', 'Celulares, acessórios e eletrônicos em geral.', 'Seg–Sáb 9h–19h · Dom 9h–14h', '(11) 4002-1491', 'B7'),
  ('box-subsolo-s-228', 'Box S-228', 'S-228', 'subsolo', 'alimentacao', 'ala-ciano', '{"points":[[730,270],[750,270],[750,298],[730,298]]}', '{"x":740,"y":284}', 'Lanches, doces e bebidas.', 'Seg–Sáb 9h–19h · Dom 9h–14h', '(11) 4002-1492', 'B8'),
  ('box-subsolo-s-229', 'Box S-229', 'S-229', 'subsolo', 'casa', 'ala-ciano', '{"points":[[755,270],[775,270],[775,298],[755,298]]}', '{"x":765,"y":284}', 'Utilidades domésticas e artigos para casa.', 'Seg–Sáb 9h–19h · Dom 9h–14h', '(11) 4002-1493', 'B9'),
  ('box-subsolo-s-230', 'Box S-230', 'S-230', 'subsolo', 'servicos', 'ala-ciano', '{"points":[[530,310],[550,310],[550,338],[530,338]]}', '{"x":540,"y":324}', 'Serviços rápidos e atendimento ao cliente.', 'Seg–Sáb 9h–19h · Dom 9h–14h', '(11) 4002-1494', 'B0'),
  ('box-subsolo-s-231', 'Box S-231', 'S-231', 'subsolo', 'moda', 'ala-ciano', '{"points":[[555,310],[575,310],[575,338],[555,338]]}', '{"x":565,"y":324}', 'Roupas, calçados e acessórios com preço de shopping popular.', 'Seg–Sáb 9h–19h · Dom 9h–14h', '(11) 4002-1495', 'B1'),
  ('box-subsolo-s-232', 'Box S-232', 'S-232', 'subsolo', 'lazer', 'ala-ciano', '{"points":[[580,310],[600,310],[600,338],[580,338]]}', '{"x":590,"y":324}', 'Brinquedos, games e artigos de lazer.', 'Seg–Sáb 9h–19h · Dom 9h–14h', '(11) 4002-1496', 'B2'),
  ('box-subsolo-s-233', 'Box S-233', 'S-233', 'subsolo', 'beleza', 'ala-ciano', '{"points":[[605,310],[625,310],[625,338],[605,338]]}', '{"x":615,"y":324}', 'Cosméticos, perfumaria e cuidados pessoais.', 'Seg–Sáb 9h–19h · Dom 9h–14h', '(11) 4002-1497', 'B3'),
  ('box-subsolo-s-234', 'Box S-234', 'S-234', 'subsolo', 'eletronicos', 'ala-ciano', '{"points":[[630,310],[650,310],[650,338],[630,338]]}', '{"x":640,"y":324}', 'Celulares, acessórios e eletrônicos em geral.', 'Seg–Sáb 9h–19h · Dom 9h–14h', '(11) 4002-1498', 'B4'),
  ('box-subsolo-s-235', 'Box S-235', 'S-235', 'subsolo', 'alimentacao', 'ala-ciano', '{"points":[[655,310],[675,310],[675,338],[655,338]]}', '{"x":665,"y":324}', 'Lanches, doces e bebidas.', 'Seg–Sáb 9h–19h · Dom 9h–14h', '(11) 4002-1499', 'B5');

insert into public.stores (id, name, number, floor_id, category_id, zone_id, polygon, label_pos, description, hours, phone, logo_initials) values
  ('box-subsolo-s-236', 'Box S-236', 'S-236', 'subsolo', 'casa', 'ala-ciano', '{"points":[[680,310],[700,310],[700,338],[680,338]]}', '{"x":690,"y":324}', 'Utilidades domésticas e artigos para casa.', 'Seg–Sáb 9h–19h · Dom 9h–14h', '(11) 4002-1500', 'B6'),
  ('box-subsolo-s-237', 'Box S-237', 'S-237', 'subsolo', 'servicos', 'ala-ciano', '{"points":[[705,310],[725,310],[725,338],[705,338]]}', '{"x":715,"y":324}', 'Serviços rápidos e atendimento ao cliente.', 'Seg–Sáb 9h–19h · Dom 9h–14h', '(11) 4002-1501', 'B7'),
  ('box-subsolo-s-238', 'Box S-238', 'S-238', 'subsolo', 'moda', 'ala-ciano', '{"points":[[730,310],[750,310],[750,338],[730,338]]}', '{"x":740,"y":324}', 'Roupas, calçados e acessórios com preço de shopping popular.', 'Seg–Sáb 9h–19h · Dom 9h–14h', '(11) 4002-1502', 'B8'),
  ('box-subsolo-s-239', 'Box S-239', 'S-239', 'subsolo', 'lazer', 'ala-ciano', '{"points":[[755,310],[775,310],[775,338],[755,338]]}', '{"x":765,"y":324}', 'Brinquedos, games e artigos de lazer.', 'Seg–Sáb 9h–19h · Dom 9h–14h', '(11) 4002-1503', 'B9'),
  ('box-subsolo-s-240', 'Box S-240', 'S-240', 'subsolo', 'beleza', 'ala-ciano', '{"points":[[530,350],[550,350],[550,378],[530,378]]}', '{"x":540,"y":364}', 'Cosméticos, perfumaria e cuidados pessoais.', 'Seg–Sáb 9h–19h · Dom 9h–14h', '(11) 4002-1504', 'B0'),
  ('box-subsolo-s-241', 'Box S-241', 'S-241', 'subsolo', 'eletronicos', 'ala-ciano', '{"points":[[555,350],[575,350],[575,378],[555,378]]}', '{"x":565,"y":364}', 'Celulares, acessórios e eletrônicos em geral.', 'Seg–Sáb 9h–19h · Dom 9h–14h', '(11) 4002-1505', 'B1'),
  ('box-subsolo-s-242', 'Box S-242', 'S-242', 'subsolo', 'alimentacao', 'ala-ciano', '{"points":[[580,350],[600,350],[600,378],[580,378]]}', '{"x":590,"y":364}', 'Lanches, doces e bebidas.', 'Seg–Sáb 9h–19h · Dom 9h–14h', '(11) 4002-1506', 'B2'),
  ('box-subsolo-s-243', 'Box S-243', 'S-243', 'subsolo', 'casa', 'ala-ciano', '{"points":[[605,350],[625,350],[625,378],[605,378]]}', '{"x":615,"y":364}', 'Utilidades domésticas e artigos para casa.', 'Seg–Sáb 9h–19h · Dom 9h–14h', '(11) 4002-1507', 'B3'),
  ('box-subsolo-s-244', 'Box S-244', 'S-244', 'subsolo', 'servicos', 'ala-ciano', '{"points":[[630,350],[650,350],[650,378],[630,378]]}', '{"x":640,"y":364}', 'Serviços rápidos e atendimento ao cliente.', 'Seg–Sáb 9h–19h · Dom 9h–14h', '(11) 4002-1508', 'B4'),
  ('box-subsolo-s-245', 'Box S-245', 'S-245', 'subsolo', 'moda', 'ala-ciano', '{"points":[[655,350],[675,350],[675,378],[655,378]]}', '{"x":665,"y":364}', 'Roupas, calçados e acessórios com preço de shopping popular.', 'Seg–Sáb 9h–19h · Dom 9h–14h', '(11) 4002-1509', 'B5'),
  ('box-subsolo-s-246', 'Box S-246', 'S-246', 'subsolo', 'lazer', 'ala-ciano', '{"points":[[680,350],[700,350],[700,378],[680,378]]}', '{"x":690,"y":364}', 'Brinquedos, games e artigos de lazer.', 'Seg–Sáb 9h–19h · Dom 9h–14h', '(11) 4002-1510', 'B6'),
  ('box-subsolo-s-247', 'Box S-247', 'S-247', 'subsolo', 'beleza', 'ala-ciano', '{"points":[[705,350],[725,350],[725,378],[705,378]]}', '{"x":715,"y":364}', 'Cosméticos, perfumaria e cuidados pessoais.', 'Seg–Sáb 9h–19h · Dom 9h–14h', '(11) 4002-1511', 'B7'),
  ('box-subsolo-s-248', 'Box S-248', 'S-248', 'subsolo', 'eletronicos', 'ala-ciano', '{"points":[[730,350],[750,350],[750,378],[730,378]]}', '{"x":740,"y":364}', 'Celulares, acessórios e eletrônicos em geral.', 'Seg–Sáb 9h–19h · Dom 9h–14h', '(11) 4002-1512', 'B8'),
  ('box-subsolo-s-249', 'Box S-249', 'S-249', 'subsolo', 'alimentacao', 'ala-ciano', '{"points":[[755,350],[775,350],[775,378],[755,378]]}', '{"x":765,"y":364}', 'Lanches, doces e bebidas.', 'Seg–Sáb 9h–19h · Dom 9h–14h', '(11) 4002-1513', 'B9'),
  ('box-subsolo-s-250', 'Box S-250', 'S-250', 'subsolo', 'casa', 'ala-ciano', '{"points":[[530,390],[550,390],[550,418],[530,418]]}', '{"x":540,"y":404}', 'Utilidades domésticas e artigos para casa.', 'Seg–Sáb 9h–19h · Dom 9h–14h', '(11) 4002-1514', 'B0'),
  ('box-subsolo-s-251', 'Box S-251', 'S-251', 'subsolo', 'servicos', 'ala-ciano', '{"points":[[555,390],[575,390],[575,418],[555,418]]}', '{"x":565,"y":404}', 'Serviços rápidos e atendimento ao cliente.', 'Seg–Sáb 9h–19h · Dom 9h–14h', '(11) 4002-1515', 'B1'),
  ('box-subsolo-s-252', 'Box S-252', 'S-252', 'subsolo', 'moda', 'ala-ciano', '{"points":[[580,390],[600,390],[600,418],[580,418]]}', '{"x":590,"y":404}', 'Roupas, calçados e acessórios com preço de shopping popular.', 'Seg–Sáb 9h–19h · Dom 9h–14h', '(11) 4002-1516', 'B2'),
  ('box-subsolo-s-253', 'Box S-253', 'S-253', 'subsolo', 'lazer', 'ala-ciano', '{"points":[[605,390],[625,390],[625,418],[605,418]]}', '{"x":615,"y":404}', 'Brinquedos, games e artigos de lazer.', 'Seg–Sáb 9h–19h · Dom 9h–14h', '(11) 4002-1517', 'B3'),
  ('box-subsolo-s-254', 'Box S-254', 'S-254', 'subsolo', 'beleza', 'ala-ciano', '{"points":[[630,390],[650,390],[650,418],[630,418]]}', '{"x":640,"y":404}', 'Cosméticos, perfumaria e cuidados pessoais.', 'Seg–Sáb 9h–19h · Dom 9h–14h', '(11) 4002-1518', 'B4'),
  ('box-subsolo-s-255', 'Box S-255', 'S-255', 'subsolo', 'eletronicos', 'ala-ciano', '{"points":[[655,390],[675,390],[675,418],[655,418]]}', '{"x":665,"y":404}', 'Celulares, acessórios e eletrônicos em geral.', 'Seg–Sáb 9h–19h · Dom 9h–14h', '(11) 4002-1519', 'B5'),
  ('box-subsolo-s-256', 'Box S-256', 'S-256', 'subsolo', 'alimentacao', 'ala-ciano', '{"points":[[680,390],[700,390],[700,418],[680,418]]}', '{"x":690,"y":404}', 'Lanches, doces e bebidas.', 'Seg–Sáb 9h–19h · Dom 9h–14h', '(11) 4002-1520', 'B6'),
  ('box-subsolo-s-257', 'Box S-257', 'S-257', 'subsolo', 'casa', 'ala-ciano', '{"points":[[705,390],[725,390],[725,418],[705,418]]}', '{"x":715,"y":404}', 'Utilidades domésticas e artigos para casa.', 'Seg–Sáb 9h–19h · Dom 9h–14h', '(11) 4002-1521', 'B7'),
  ('box-subsolo-s-258', 'Box S-258', 'S-258', 'subsolo', 'servicos', 'ala-ciano', '{"points":[[730,390],[750,390],[750,418],[730,418]]}', '{"x":740,"y":404}', 'Serviços rápidos e atendimento ao cliente.', 'Seg–Sáb 9h–19h · Dom 9h–14h', '(11) 4002-1522', 'B8'),
  ('box-subsolo-s-259', 'Box S-259', 'S-259', 'subsolo', 'moda', 'ala-ciano', '{"points":[[755,390],[775,390],[775,418],[755,418]]}', '{"x":765,"y":404}', 'Roupas, calçados e acessórios com preço de shopping popular.', 'Seg–Sáb 9h–19h · Dom 9h–14h', '(11) 4002-1523', 'B9'),
  ('box-subsolo-s-260', 'Box S-260', 'S-260', 'subsolo', 'lazer', 'ala-ciano', '{"points":[[530,430],[550,430],[550,458],[530,458]]}', '{"x":540,"y":444}', 'Brinquedos, games e artigos de lazer.', 'Seg–Sáb 9h–19h · Dom 9h–14h', '(11) 4002-1524', 'B0'),
  ('box-subsolo-s-261', 'Box S-261', 'S-261', 'subsolo', 'beleza', 'ala-ciano', '{"points":[[555,430],[575,430],[575,458],[555,458]]}', '{"x":565,"y":444}', 'Cosméticos, perfumaria e cuidados pessoais.', 'Seg–Sáb 9h–19h · Dom 9h–14h', '(11) 4002-1525', 'B1'),
  ('box-subsolo-s-262', 'Box S-262', 'S-262', 'subsolo', 'eletronicos', 'ala-ciano', '{"points":[[580,430],[600,430],[600,458],[580,458]]}', '{"x":590,"y":444}', 'Celulares, acessórios e eletrônicos em geral.', 'Seg–Sáb 9h–19h · Dom 9h–14h', '(11) 4002-1526', 'B2'),
  ('box-subsolo-s-263', 'Box S-263', 'S-263', 'subsolo', 'alimentacao', 'ala-ciano', '{"points":[[605,430],[625,430],[625,458],[605,458]]}', '{"x":615,"y":444}', 'Lanches, doces e bebidas.', 'Seg–Sáb 9h–19h · Dom 9h–14h', '(11) 4002-1527', 'B3'),
  ('box-subsolo-s-264', 'Box S-264', 'S-264', 'subsolo', 'casa', 'ala-ciano', '{"points":[[630,430],[650,430],[650,458],[630,458]]}', '{"x":640,"y":444}', 'Utilidades domésticas e artigos para casa.', 'Seg–Sáb 9h–19h · Dom 9h–14h', '(11) 4002-1528', 'B4'),
  ('box-subsolo-s-265', 'Box S-265', 'S-265', 'subsolo', 'servicos', 'ala-ciano', '{"points":[[655,430],[675,430],[675,458],[655,458]]}', '{"x":665,"y":444}', 'Serviços rápidos e atendimento ao cliente.', 'Seg–Sáb 9h–19h · Dom 9h–14h', '(11) 4002-1529', 'B5'),
  ('box-subsolo-s-266', 'Box S-266', 'S-266', 'subsolo', 'moda', 'ala-ciano', '{"points":[[680,430],[700,430],[700,458],[680,458]]}', '{"x":690,"y":444}', 'Roupas, calçados e acessórios com preço de shopping popular.', 'Seg–Sáb 9h–19h · Dom 9h–14h', '(11) 4002-1530', 'B6'),
  ('box-subsolo-s-267', 'Box S-267', 'S-267', 'subsolo', 'lazer', 'ala-ciano', '{"points":[[705,430],[725,430],[725,458],[705,458]]}', '{"x":715,"y":444}', 'Brinquedos, games e artigos de lazer.', 'Seg–Sáb 9h–19h · Dom 9h–14h', '(11) 4002-1531', 'B7'),
  ('box-subsolo-s-268', 'Box S-268', 'S-268', 'subsolo', 'beleza', 'ala-ciano', '{"points":[[730,430],[750,430],[750,458],[730,458]]}', '{"x":740,"y":444}', 'Cosméticos, perfumaria e cuidados pessoais.', 'Seg–Sáb 9h–19h · Dom 9h–14h', '(11) 4002-1532', 'B8'),
  ('box-subsolo-s-269', 'Box S-269', 'S-269', 'subsolo', 'lazer', 'ala-ciano', '{"points":[[530,470],[550,470],[550,498],[530,498]]}', '{"x":540,"y":484}', 'Brinquedos, games e artigos de lazer.', 'Seg–Sáb 9h–19h · Dom 9h–14h', '(11) 4002-1533', 'B9'),
  ('box-subsolo-s-270', 'Box S-270', 'S-270', 'subsolo', 'beleza', 'ala-ciano', '{"points":[[555,470],[575,470],[575,498],[555,498]]}', '{"x":565,"y":484}', 'Cosméticos, perfumaria e cuidados pessoais.', 'Seg–Sáb 9h–19h · Dom 9h–14h', '(11) 4002-1534', 'B0'),
  ('box-subsolo-s-271', 'Box S-271', 'S-271', 'subsolo', 'eletronicos', 'ala-ciano', '{"points":[[580,470],[600,470],[600,498],[580,498]]}', '{"x":590,"y":484}', 'Celulares, acessórios e eletrônicos em geral.', 'Seg–Sáb 9h–19h · Dom 9h–14h', '(11) 4002-1535', 'B1'),
  ('box-subsolo-s-272', 'Box S-272', 'S-272', 'subsolo', 'alimentacao', 'ala-ciano', '{"points":[[605,470],[625,470],[625,498],[605,498]]}', '{"x":615,"y":484}', 'Lanches, doces e bebidas.', 'Seg–Sáb 9h–19h · Dom 9h–14h', '(11) 4002-1536', 'B2'),
  ('box-subsolo-s-273', 'Box S-273', 'S-273', 'subsolo', 'casa', 'ala-ciano', '{"points":[[630,470],[650,470],[650,498],[630,498]]}', '{"x":640,"y":484}', 'Utilidades domésticas e artigos para casa.', 'Seg–Sáb 9h–19h · Dom 9h–14h', '(11) 4002-1537', 'B3'),
  ('box-subsolo-s-274', 'Box S-274', 'S-274', 'subsolo', 'servicos', 'ala-ciano', '{"points":[[655,470],[675,470],[675,498],[655,498]]}', '{"x":665,"y":484}', 'Serviços rápidos e atendimento ao cliente.', 'Seg–Sáb 9h–19h · Dom 9h–14h', '(11) 4002-1538', 'B4'),
  ('box-subsolo-s-275', 'Box S-275', 'S-275', 'subsolo', 'moda', 'ala-ciano', '{"points":[[680,470],[700,470],[700,498],[680,498]]}', '{"x":690,"y":484}', 'Roupas, calçados e acessórios com preço de shopping popular.', 'Seg–Sáb 9h–19h · Dom 9h–14h', '(11) 4002-1539', 'B5'),
  ('box-subsolo-s-276', 'Box S-276', 'S-276', 'subsolo', 'lazer', 'ala-ciano', '{"points":[[705,470],[725,470],[725,498],[705,498]]}', '{"x":715,"y":484}', 'Brinquedos, games e artigos de lazer.', 'Seg–Sáb 9h–19h · Dom 9h–14h', '(11) 4002-1540', 'B6');

insert into public.amenities (id, type, floor_id, position) values
  ('t-entrada-juta', 'entrada', 'terreo', '{"x":760,"y":118}'),
  ('t-entrada-rodrigues', 'entrada', 'terreo', '{"x":305,"y":592}'),
  ('t-informacoes', 'informacoes', 'terreo', '{"x":340,"y":585}'),
  ('t-banheiro', 'banheiro', 'terreo', '{"x":350,"y":175}'),
  ('t-banheiro-2', 'banheiro', 'terreo', '{"x":812,"y":445}'),
  ('t-caixa', 'caixa_eletronico', 'terreo', '{"x":400,"y":438}'),
  ('t-escada-rolante', 'escada_rolante', 'terreo', '{"x":488,"y":272}'),
  ('t-elevador', 'elevador', 'terreo', '{"x":528,"y":310}'),
  ('m-banheiro', 'banheiro', 'mezanino', '{"x":505,"y":200}'),
  ('m-escada-rolante', 'escada_rolante', 'mezanino', '{"x":505,"y":350}'),
  ('m-elevador', 'elevador', 'mezanino', '{"x":505,"y":392}'),
  ('m-escada', 'escada', 'mezanino', '{"x":505,"y":470}'),
  ('s-banheiro', 'banheiro', 'subsolo', '{"x":510,"y":210}'),
  ('s-escada-rolante', 'escada_rolante', 'subsolo', '{"x":510,"y":355}'),
  ('s-elevador', 'elevador', 'subsolo', '{"x":510,"y":396}');

insert into public.landmarks (id, name, floor_id, position) values
  ('lm-entrada-juta', 'Entrada Rua da Juta', 'terreo', '{"x":760,"y":128}'),
  ('lm-entrada-rodrigues', 'Entrada Rua Rodrigues dos Santos', 'terreo', '{"x":310,"y":585}'),
  ('lm-praca-central', 'Praça Central', 'terreo', '{"x":508,"y":290}'),
  ('lm-ala-azul', 'Ala Azul', 'terreo', '{"x":240,"y":400}'),
  ('lm-ala-vermelha', 'Ala Vermelha', 'terreo', '{"x":495,"y":200}'),
  ('lm-ala-amarela', 'Ala Amarela', 'terreo', '{"x":750,"y":200}'),
  ('lm-ala-1000', 'Ala 1000', 'terreo', '{"x":885,"y":300}'),
  ('lm-mez-escada', 'Escada Rolante (Mezanino)', 'mezanino', '{"x":505,"y":360}'),
  ('lm-ala-verde', 'Ala Verde', 'mezanino', '{"x":355,"y":300}'),
  ('lm-ala-laranja', 'Ala Laranja', 'mezanino', '{"x":655,"y":300}'),
  ('lm-sub-escada', 'Escada Rolante (Subsolo)', 'subsolo', '{"x":515,"y":360}'),
  ('lm-ala-roxa', 'Ala Roxa', 'subsolo', '{"x":375,"y":300}'),
  ('lm-ala-ciano', 'Ala Ciano', 'subsolo', '{"x":640,"y":300}');
